time,strike,type,mark_iv,oi
2025-01-01T00:00:00Z,58000.0000,CALL,0.6450,238.3193
2025-01-01T00:00:00Z,58000.0000,PUT,0.6450,450.4316
2025-01-01T00:00:00Z,59000.0000,CALL,0.6250,238.4446
2025-01-01T00:00:00Z,59000.0000,PUT,0.6250,381.6017
2025-01-01T00:00:00Z,60000.0000,CALL,0.6050,264.6376
2025-01-01T00:00:00Z,60000.0000,PUT,0.6050,438.0617
2025-01-01T00:00:00Z,61000.0000,CALL,0.6176,221.7942
2025-01-01T00:00:00Z,61000.0000,PUT,0.6176,378.1809
2025-01-01T00:00:00Z,62000.0000,CALL,0.6376,212.1238
2025-01-01T00:00:00Z,62000.0000,PUT,0.6376,426.5933
2025-01-01T01:00:00Z,58000.0000,CALL,0.6864,211.9332
2025-01-01T01:00:00Z,58000.0000,PUT,0.6864,383.3966
2025-01-01T01:00:00Z,59000.0000,CALL,0.6664,228.6589
2025-01-01T01:00:00Z,59000.0000,PUT,0.6664,364.8762
2025-01-01T01:00:00Z,60000.0000,CALL,0.6464,265.2562
2025-01-01T01:00:00Z,60000.0000,PUT,0.6464,334.5434
2025-01-01T01:00:00Z,61000.0000,CALL,0.6503,292.6788
2025-01-01T01:00:00Z,61000.0000,PUT,0.6503,348.9581
2025-01-01T01:00:00Z,62000.0000,CALL,0.6703,245.0758
2025-01-01T01:00:00Z,62000.0000,PUT,0.6703,362.2508
2025-01-01T02:00:00Z,58000.0000,CALL,0.7297,297.3480
2025-01-01T02:00:00Z,58000.0000,PUT,0.7297,493.3356
2025-01-01T02:00:00Z,59000.0000,CALL,0.7097,285.5884
2025-01-01T02:00:00Z,59000.0000,PUT,0.7097,361.4386
2025-01-01T02:00:00Z,60000.0000,CALL,0.6897,262.7244
2025-01-01T02:00:00Z,60000.0000,PUT,0.6897,460.8248
2025-01-01T02:00:00Z,61000.0000,CALL,0.6900,275.5959
2025-01-01T02:00:00Z,61000.0000,PUT,0.6900,378.8482
2025-01-01T02:00:00Z,62000.0000,CALL,0.7100,205.6847
2025-01-01T02:00:00Z,62000.0000,PUT,0.7100,454.3181
2025-01-01T03:00:00Z,58000.0000,CALL,0.7548,218.6934
2025-01-01T03:00:00Z,58000.0000,PUT,0.7548,371.4548
2025-01-01T03:00:00Z,59000.0000,CALL,0.7348,293.8265
2025-01-01T03:00:00Z,59000.0000,PUT,0.7348,476.7127
2025-01-01T03:00:00Z,60000.0000,CALL,0.7148,253.2820
2025-01-01T03:00:00Z,60000.0000,PUT,0.7148,381.2321
2025-01-01T03:00:00Z,61000.0000,CALL,0.7184,245.3205
2025-01-01T03:00:00Z,61000.0000,PUT,0.7184,389.9563
2025-01-01T03:00:00Z,62000.0000,CALL,0.7384,203.9106
2025-01-01T03:00:00Z,62000.0000,PUT,0.7384,385.5068
2025-01-01T04:00:00Z,58000.0000,CALL,0.7991,229.8227
2025-01-01T04:00:00Z,58000.0000,PUT,0.7991,403.7326
2025-01-01T04:00:00Z,59000.0000,CALL,0.7791,257.7766
2025-01-01T04:00:00Z,59000.0000,PUT,0.7791,507.4879
2025-01-01T04:00:00Z,60000.0000,CALL,0.7591,286.6774
2025-01-01T04:00:00Z,60000.0000,PUT,0.7591,394.5279
2025-01-01T04:00:00Z,61000.0000,CALL,0.7634,269.8632
2025-01-01T04:00:00Z,61000.0000,PUT,0.7634,429.7062
2025-01-01T04:00:00Z,62000.0000,CALL,0.7834,289.0331
2025-01-01T04:00:00Z,62000.0000,PUT,0.7834,461.9516
2025-01-01T05:00:00Z,58000.0000,CALL,0.8190,291.4712
2025-01-01T05:00:00Z,58000.0000,PUT,0.8190,526.3008
2025-01-01T05:00:00Z,59000.0000,CALL,0.7990,227.2962
2025-01-01T05:00:00Z,59000.0000,PUT,0.7990,485.5724
2025-01-01T05:00:00Z,60000.0000,CALL,0.7790,244.3318
2025-01-01T05:00:00Z,60000.0000,PUT,0.7790,480.6611
2025-01-01T05:00:00Z,61000.0000,CALL,0.7923,281.8848
2025-01-01T05:00:00Z,61000.0000,PUT,0.7923,382.8851
2025-01-01T05:00:00Z,62000.0000,CALL,0.8123,221.4063
2025-01-01T05:00:00Z,62000.0000,PUT,0.8123,496.1241
2025-01-01T06:00:00Z,58000.0000,CALL,0.8375,252.9084
2025-01-01T06:00:00Z,58000.0000,PUT,0.8375,417.7823
2025-01-01T06:00:00Z,59000.0000,CALL,0.8175,295.2054
2025-01-01T06:00:00Z,59000.0000,PUT,0.8175,432.6934
2025-01-01T06:00:00Z,60000.0000,CALL,0.7975,257.9207
2025-01-01T06:00:00Z,60000.0000,PUT,0.7975,361.0182
2025-01-01T06:00:00Z,61000.0000,CALL,0.8081,298.2037
2025-01-01T06:00:00Z,61000.0000,PUT,0.8081,420.1640
2025-01-01T06:00:00Z,62000.0000,CALL,0.8281,213.9132
2025-01-01T06:00:00Z,62000.0000,PUT,0.8281,523.4415
2025-01-01T07:00:00Z,58000.0000,CALL,0.8509,236.9775
2025-01-01T07:00:00Z,58000.0000,PUT,0.8509,479.5117
2025-01-01T07:00:00Z,59000.0000,CALL,0.8309,215.2973
2025-01-01T07:00:00Z,59000.0000,PUT,0.8309,406.8285
2025-01-01T07:00:00Z,60000.0000,CALL,0.8109,282.4693
2025-01-01T07:00:00Z,60000.0000,PUT,0.8109,495.1375
2025-01-01T07:00:00Z,61000.0000,CALL,0.8235,232.5353
2025-01-01T07:00:00Z,61000.0000,PUT,0.8235,361.6997
2025-01-01T07:00:00Z,62000.0000,CALL,0.8435,211.0433
2025-01-01T07:00:00Z,62000.0000,PUT,0.8435,513.6527
2025-01-01T08:00:00Z,58000.0000,CALL,0.9058,299.1164
2025-01-01T08:00:00Z,58000.0000,PUT,0.9058,384.0165
2025-01-01T08:00:00Z,59000.0000,CALL,0.8858,243.0261
2025-01-01T08:00:00Z,59000.0000,PUT,0.8858,392.7408
2025-01-01T08:00:00Z,60000.0000,CALL,0.8658,292.9869
2025-01-01T08:00:00Z,60000.0000,PUT,0.8658,474.6423
2025-01-01T08:00:00Z,61000.0000,CALL,0.8748,248.1591
2025-01-01T08:00:00Z,61000.0000,PUT,0.8748,398.8401
2025-01-01T08:00:00Z,62000.0000,CALL,0.8948,225.1348
2025-01-01T08:00:00Z,62000.0000,PUT,0.8948,544.5960
2025-01-01T09:00:00Z,58000.0000,CALL,0.9194,265.5929
2025-01-01T09:00:00Z,58000.0000,PUT,0.9194,502.4553
2025-01-01T09:00:00Z,59000.0000,CALL,0.8994,256.8597
2025-01-01T09:00:00Z,59000.0000,PUT,0.8994,452.5814
2025-01-01T09:00:00Z,60000.0000,CALL,0.8794,202.5312
2025-01-01T09:00:00Z,60000.0000,PUT,0.8794,550.0272
2025-01-01T09:00:00Z,61000.0000,CALL,0.8855,270.3365
2025-01-01T09:00:00Z,61000.0000,PUT,0.8855,532.7146
2025-01-01T09:00:00Z,62000.0000,CALL,0.9055,278.9101
2025-01-01T09:00:00Z,62000.0000,PUT,0.9055,395.4907
2025-01-01T10:00:00Z,58000.0000,CALL,0.9353,263.8428
2025-01-01T10:00:00Z,58000.0000,PUT,0.9353,440.1595
2025-01-01T10:00:00Z,59000.0000,CALL,0.9153,242.0327
2025-01-01T10:00:00Z,59000.0000,PUT,0.9153,542.3360
2025-01-01T10:00:00Z,60000.0000,CALL,0.8953,206.2171
2025-01-01T10:00:00Z,60000.0000,PUT,0.8953,473.6096
2025-01-01T10:00:00Z,61000.0000,CALL,0.9025,247.8561
2025-01-01T10:00:00Z,61000.0000,PUT,0.9025,545.2501
2025-01-01T10:00:00Z,62000.0000,CALL,0.9225,237.0135
2025-01-01T10:00:00Z,62000.0000,PUT,0.9225,550.0775
2025-01-01T11:00:00Z,58000.0000,CALL,0.9054,231.6305
2025-01-01T11:00:00Z,58000.0000,PUT,0.9054,526.8364
2025-01-01T11:00:00Z,59000.0000,CALL,0.8854,256.7736
2025-01-01T11:00:00Z,59000.0000,PUT,0.8854,529.5026
2025-01-01T11:00:00Z,60000.0000,CALL,0.8654,273.0571
2025-01-01T11:00:00Z,60000.0000,PUT,0.8654,520.4976
2025-01-01T11:00:00Z,61000.0000,CALL,0.8823,241.6218
2025-01-01T11:00:00Z,61000.0000,PUT,0.8823,419.9192
2025-01-01T11:00:00Z,62000.0000,CALL,0.9023,253.3920
2025-01-01T11:00:00Z,62000.0000,PUT,0.9023,536.2249
2025-01-01T12:00:00Z,58000.0000,CALL,0.9343,288.8801
2025-01-01T12:00:00Z,58000.0000,PUT,0.9343,403.3041
2025-01-01T12:00:00Z,59000.0000,CALL,0.9143,290.5419
2025-01-01T12:00:00Z,59000.0000,PUT,0.9143,400.8336
2025-01-01T12:00:00Z,60000.0000,CALL,0.8943,205.5983
2025-01-01T12:00:00Z,60000.0000,PUT,0.8943,413.3627
2025-01-01T12:00:00Z,61000.0000,CALL,0.9129,213.6425
2025-01-01T12:00:00Z,61000.0000,PUT,0.9129,418.9648
2025-01-01T12:00:00Z,62000.0000,CALL,0.9329,222.8000
2025-01-01T12:00:00Z,62000.0000,PUT,0.9329,434.2190
2025-01-01T13:00:00Z,58000.0000,CALL,0.9014,220.8523
2025-01-01T13:00:00Z,58000.0000,PUT,0.9014,513.3615
2025-01-01T13:00:00Z,59000.0000,CALL,0.8814,274.4560
2025-01-01T13:00:00Z,59000.0000,PUT,0.8814,546.4855
2025-01-01T13:00:00Z,60000.0000,CALL,0.8614,258.0584
2025-01-01T13:00:00Z,60000.0000,PUT,0.8614,389.6328
2025-01-01T13:00:00Z,61000.0000,CALL,0.8752,270.3909
2025-01-01T13:00:00Z,61000.0000,PUT,0.8752,551.5022
2025-01-01T13:00:00Z,62000.0000,CALL,0.8952,266.5414
2025-01-01T13:00:00Z,62000.0000,PUT,0.8952,457.1626
2025-01-01T14:00:00Z,58000.0000,CALL,0.8956,269.7505
2025-01-01T14:00:00Z,58000.0000,PUT,0.8956,403.3129
2025-01-01T14:00:00Z,59000.0000,CALL,0.8756,220.2835
2025-01-01T14:00:00Z,59000.0000,PUT,0.8756,421.8536
2025-01-01T14:00:00Z,60000.0000,CALL,0.8556,242.0330
2025-01-01T14:00:00Z,60000.0000,PUT,0.8556,532.8878
2025-01-01T14:00:00Z,61000.0000,CALL,0.8697,297.1880
2025-01-01T14:00:00Z,61000.0000,PUT,0.8697,425.9514
2025-01-01T14:00:00Z,62000.0000,CALL,0.8897,232.0273
2025-01-01T14:00:00Z,62000.0000,PUT,0.8897,518.1643
2025-01-01T15:00:00Z,58000.0000,CALL,0.8843,283.7518
2025-01-01T15:00:00Z,58000.0000,PUT,0.8843,433.0470
2025-01-01T15:00:00Z,59000.0000,CALL,0.8643,208.5050
2025-01-01T15:00:00Z,59000.0000,PUT,0.8643,379.1434
2025-01-01T15:00:00Z,60000.0000,CALL,0.8443,211.4079
2025-01-01T15:00:00Z,60000.0000,PUT,0.8443,472.4525
2025-01-01T15:00:00Z,61000.0000,CALL,0.8551,205.9661
2025-01-01T15:00:00Z,61000.0000,PUT,0.8551,393.1355
2025-01-01T15:00:00Z,62000.0000,CALL,0.8751,251.2836
2025-01-01T15:00:00Z,62000.0000,PUT,0.8751,426.7749
2025-01-01T16:00:00Z,58000.0000,CALL,0.8654,297.3891
2025-01-01T16:00:00Z,58000.0000,PUT,0.8654,486.0270
2025-01-01T16:00:00Z,59000.0000,CALL,0.8454,297.2512
2025-01-01T16:00:00Z,59000.0000,PUT,0.8454,451.9572
2025-01-01T16:00:00Z,60000.0000,CALL,0.8254,252.3843
2025-01-01T16:00:00Z,60000.0000,PUT,0.8254,541.0836
2025-01-01T16:00:00Z,61000.0000,CALL,0.8311,230.9493
2025-01-01T16:00:00Z,61000.0000,PUT,0.8311,514.5409
2025-01-01T16:00:00Z,62000.0000,CALL,0.8511,218.4957
2025-01-01T16:00:00Z,62000.0000,PUT,0.8511,398.1606
2025-01-01T17:00:00Z,58000.0000,CALL,0.8597,202.1473
2025-01-01T17:00:00Z,58000.0000,PUT,0.8597,396.4118
2025-01-01T17:00:00Z,59000.0000,CALL,0.8397,271.3598
2025-01-01T17:00:00Z,59000.0000,PUT,0.8397,391.5865
2025-01-01T17:00:00Z,60000.0000,CALL,0.8197,203.6383
2025-01-01T17:00:00Z,60000.0000,PUT,0.8197,517.8943
2025-01-01T17:00:00Z,61000.0000,CALL,0.8274,219.7532
2025-01-01T17:00:00Z,61000.0000,PUT,0.8274,513.1961
2025-01-01T17:00:00Z,62000.0000,CALL,0.8474,216.8933
2025-01-01T17:00:00Z,62000.0000,PUT,0.8474,467.0950
2025-01-01T18:00:00Z,59000.0000,CALL,0.8121,299.2171
2025-01-01T18:00:00Z,59000.0000,PUT,0.8121,380.3795
2025-01-01T18:00:00Z,60000.0000,CALL,0.7921,215.5676
2025-01-01T18:00:00Z,60000.0000,PUT,0.7921,380.8147
2025-01-01T18:00:00Z,61000.0000,CALL,0.7907,246.6599
2025-01-01T18:00:00Z,61000.0000,PUT,0.7907,488.1558
2025-01-01T18:00:00Z,62000.0000,CALL,0.8107,296.2971
2025-01-01T18:00:00Z,62000.0000,PUT,0.8107,407.1334
2025-01-01T18:00:00Z,63000.0000,CALL,0.8307,256.4635
2025-01-01T18:00:00Z,63000.0000,PUT,0.8307,484.6648
2025-01-01T19:00:00Z,59000.0000,CALL,0.7682,206.0088
2025-01-01T19:00:00Z,59000.0000,PUT,0.7682,488.2192
2025-01-01T19:00:00Z,60000.0000,CALL,0.7482,227.4901
2025-01-01T19:00:00Z,60000.0000,PUT,0.7482,390.3122
2025-01-01T19:00:00Z,61000.0000,CALL,0.7397,259.1531
2025-01-01T19:00:00Z,61000.0000,PUT,0.7397,379.2870
2025-01-01T19:00:00Z,62000.0000,CALL,0.7597,292.1674
2025-01-01T19:00:00Z,62000.0000,PUT,0.7597,491.2396
2025-01-01T19:00:00Z,63000.0000,CALL,0.7797,281.4032
2025-01-01T19:00:00Z,63000.0000,PUT,0.7797,359.7944
2025-01-01T20:00:00Z,59000.0000,CALL,0.7402,259.4883
2025-01-01T20:00:00Z,59000.0000,PUT,0.7402,369.4710
2025-01-01T20:00:00Z,60000.0000,CALL,0.7202,203.4930
2025-01-01T20:00:00Z,60000.0000,PUT,0.7202,358.0557
2025-01-01T20:00:00Z,61000.0000,CALL,0.7099,265.7205
2025-01-01T20:00:00Z,61000.0000,PUT,0.7099,506.4522
2025-01-01T20:00:00Z,62000.0000,CALL,0.7299,277.4935
2025-01-01T20:00:00Z,62000.0000,PUT,0.7299,382.3062
2025-01-01T20:00:00Z,63000.0000,CALL,0.7499,239.0253
2025-01-01T20:00:00Z,63000.0000,PUT,0.7499,462.5385
2025-01-01T21:00:00Z,59000.0000,CALL,0.6834,263.0099
2025-01-01T21:00:00Z,59000.0000,PUT,0.6834,393.9726
2025-01-01T21:00:00Z,60000.0000,CALL,0.6634,247.8778
2025-01-01T21:00:00Z,60000.0000,PUT,0.6634,451.0447
2025-01-01T21:00:00Z,61000.0000,CALL,0.6584,292.6479
2025-01-01T21:00:00Z,61000.0000,PUT,0.6584,473.6343
2025-01-01T21:00:00Z,62000.0000,CALL,0.6784,245.9753
2025-01-01T21:00:00Z,62000.0000,PUT,0.6784,369.5339
2025-01-01T21:00:00Z,63000.0000,CALL,0.6984,207.6211
2025-01-01T21:00:00Z,63000.0000,PUT,0.6984,476.5278
2025-01-01T22:00:00Z,58000.0000,CALL,0.6569,278.8924
2025-01-01T22:00:00Z,58000.0000,PUT,0.6569,447.4305
2025-01-01T22:00:00Z,59000.0000,CALL,0.6369,296.0698
2025-01-01T22:00:00Z,59000.0000,PUT,0.6369,333.4791
2025-01-01T22:00:00Z,60000.0000,CALL,0.6169,219.8063
2025-01-01T22:00:00Z,60000.0000,PUT,0.6169,346.6677
2025-01-01T22:00:00Z,61000.0000,CALL,0.6175,273.8145
2025-01-01T22:00:00Z,61000.0000,PUT,0.6175,348.1529
2025-01-01T22:00:00Z,62000.0000,CALL,0.6375,245.2798
2025-01-01T22:00:00Z,62000.0000,PUT,0.6375,429.2877
2025-01-01T23:00:00Z,59000.0000,CALL,0.6147,227.2277
2025-01-01T23:00:00Z,59000.0000,PUT,0.6147,385.3740
2025-01-01T23:00:00Z,60000.0000,CALL,0.5947,205.5929
2025-01-01T23:00:00Z,60000.0000,PUT,0.5947,466.1318
2025-01-01T23:00:00Z,61000.0000,CALL,0.5906,211.2326
2025-01-01T23:00:00Z,61000.0000,PUT,0.5906,443.8043
2025-01-01T23:00:00Z,62000.0000,CALL,0.6106,270.1090
2025-01-01T23:00:00Z,62000.0000,PUT,0.6106,380.0857
2025-01-01T23:00:00Z,63000.0000,CALL,0.6306,211.9064
2025-01-01T23:00:00Z,63000.0000,PUT,0.6306,347.0578
2025-01-02T00:00:00Z,59000.0000,CALL,0.5769,234.1981
2025-01-02T00:00:00Z,59000.0000,PUT,0.5769,363.3821
2025-01-02T00:00:00Z,60000.0000,CALL,0.5569,244.5416
2025-01-02T00:00:00Z,60000.0000,PUT,0.5569,413.1277
2025-01-02T00:00:00Z,61000.0000,CALL,0.5509,235.0865
2025-01-02T00:00:00Z,61000.0000,PUT,0.5509,461.7498
2025-01-02T00:00:00Z,62000.0000,CALL,0.5709,263.0548
2025-01-02T00:00:00Z,62000.0000,PUT,0.5709,437.9399
2025-01-02T00:00:00Z,63000.0000,CALL,0.5909,217.5035
2025-01-02T00:00:00Z,63000.0000,PUT,0.5909,312.1909
2025-01-02T01:00:00Z,59000.0000,CALL,0.5376,210.2169
2025-01-02T01:00:00Z,59000.0000,PUT,0.5376,331.4567
2025-01-02T01:00:00Z,60000.0000,CALL,0.5176,294.3911
2025-01-02T01:00:00Z,60000.0000,PUT,0.5176,384.5200
2025-01-02T01:00:00Z,61000.0000,CALL,0.5047,282.4915
2025-01-02T01:00:00Z,61000.0000,PUT,0.5047,318.0984
2025-01-02T01:00:00Z,62000.0000,CALL,0.5247,287.0682
2025-01-02T01:00:00Z,62000.0000,PUT,0.5247,405.0944
2025-01-02T01:00:00Z,63000.0000,CALL,0.5447,268.7603
2025-01-02T01:00:00Z,63000.0000,PUT,0.5447,345.9461
2025-01-02T02:00:00Z,59000.0000,CALL,0.5095,229.8663
2025-01-02T02:00:00Z,59000.0000,PUT,0.5095,341.7135
2025-01-02T02:00:00Z,60000.0000,CALL,0.4895,217.1661
2025-01-02T02:00:00Z,60000.0000,PUT,0.4895,356.9919
2025-01-02T02:00:00Z,61000.0000,CALL,0.4811,272.4633
2025-01-02T02:00:00Z,61000.0000,PUT,0.4811,347.1129
2025-01-02T02:00:00Z,62000.0000,CALL,0.5011,223.6279
2025-01-02T02:00:00Z,62000.0000,PUT,0.5011,306.7366
2025-01-02T02:00:00Z,63000.0000,CALL,0.5211,201.8445
2025-01-02T02:00:00Z,63000.0000,PUT,0.5211,345.6591
2025-01-02T03:00:00Z,59000.0000,CALL,0.4738,231.7153
2025-01-02T03:00:00Z,59000.0000,PUT,0.4738,372.4527
2025-01-02T03:00:00Z,60000.0000,CALL,0.4538,256.3061
2025-01-02T03:00:00Z,60000.0000,PUT,0.4538,429.8542
2025-01-02T03:00:00Z,61000.0000,CALL,0.4433,210.2937
2025-01-02T03:00:00Z,61000.0000,PUT,0.4433,423.7878
2025-01-02T03:00:00Z,62000.0000,CALL,0.4633,293.0650
2025-01-02T03:00:00Z,62000.0000,PUT,0.4633,342.5544
2025-01-02T03:00:00Z,63000.0000,CALL,0.4833,259.1112
2025-01-02T03:00:00Z,63000.0000,PUT,0.4833,417.2516
2025-01-02T04:00:00Z,59000.0000,CALL,0.4488,266.5769
2025-01-02T04:00:00Z,59000.0000,PUT,0.4488,316.0907
2025-01-02T04:00:00Z,60000.0000,CALL,0.4288,224.8007
2025-01-02T04:00:00Z,60000.0000,PUT,0.4288,397.4720
2025-01-02T04:00:00Z,61000.0000,CALL,0.4165,276.8105
2025-01-02T04:00:00Z,61000.0000,PUT,0.4165,309.5606
2025-01-02T04:00:00Z,62000.0000,CALL,0.4365,266.6225
2025-01-02T04:00:00Z,62000.0000,PUT,0.4365,392.2299
2025-01-02T04:00:00Z,63000.0000,CALL,0.4565,290.4559
2025-01-02T04:00:00Z,63000.0000,PUT,0.4565,352.7494
2025-01-02T05:00:00Z,59000.0000,CALL,0.4266,214.8755
2025-01-02T05:00:00Z,59000.0000,PUT,0.4266,401.3883
2025-01-02T05:00:00Z,60000.0000,CALL,0.4066,297.4975
2025-01-02T05:00:00Z,60000.0000,PUT,0.4066,308.4587
2025-01-02T05:00:00Z,61000.0000,CALL,0.3899,276.5615
2025-01-02T05:00:00Z,61000.0000,PUT,0.3899,409.4059
2025-01-02T05:00:00Z,62000.0000,CALL,0.4099,297.2423
2025-01-02T05:00:00Z,62000.0000,PUT,0.4099,323.5220
2025-01-02T05:00:00Z,63000.0000,CALL,0.4299,250.7578
2025-01-02T05:00:00Z,63000.0000,PUT,0.4299,309.7994
2025-01-02T06:00:00Z,59000.0000,CALL,0.4045,256.4354
2025-01-02T06:00:00Z,59000.0000,PUT,0.4045,401.4361
2025-01-02T06:00:00Z,60000.0000,CALL,0.3845,269.0054
2025-01-02T06:00:00Z,60000.0000,PUT,0.3845,275.7478
2025-01-02T06:00:00Z,61000.0000,CALL,0.3682,256.2964
2025-01-02T06:00:00Z,61000.0000,PUT,0.3682,358.8856
2025-01-02T06:00:00Z,62000.0000,CALL,0.3882,224.9970
2025-01-02T06:00:00Z,62000.0000,PUT,0.3882,284.1350
2025-01-02T06:00:00Z,63000.0000,CALL,0.4082,259.2828
2025-01-02T06:00:00Z,63000.0000,PUT,0.4082,366.7877
2025-01-02T07:00:00Z,59000.0000,CALL,0.3903,230.7970
2025-01-02T07:00:00Z,59000.0000,PUT,0.3903,396.0968
2025-01-02T07:00:00Z,60000.0000,CALL,0.3703,281.4482
2025-01-02T07:00:00Z,60000.0000,PUT,0.3703,343.5547
2025-01-02T07:00:00Z,61000.0000,CALL,0.3532,266.3889
2025-01-02T07:00:00Z,61000.0000,PUT,0.3532,329.2968
2025-01-02T07:00:00Z,62000.0000,CALL,0.3732,259.6515
2025-01-02T07:00:00Z,62000.0000,PUT,0.3732,323.5687
2025-01-02T07:00:00Z,63000.0000,CALL,0.3932,251.2706
2025-01-02T07:00:00Z,63000.0000,PUT,0.3932,334.5704
2025-01-02T08:00:00Z,59000.0000,CALL,0.3648,210.2354
2025-01-02T08:00:00Z,59000.0000,PUT,0.3648,306.2765
2025-01-02T08:00:00Z,60000.0000,CALL,0.3448,260.0878
2025-01-02T08:00:00Z,60000.0000,PUT,0.3448,311.0537
2025-01-02T08:00:00Z,61000.0000,CALL,0.3262,226.8146
2025-01-02T08:00:00Z,61000.0000,PUT,0.3262,318.7555
2025-01-02T08:00:00Z,62000.0000,CALL,0.3462,241.3427
2025-01-02T08:00:00Z,62000.0000,PUT,0.3462,287.9979
2025-01-02T08:00:00Z,63000.0000,CALL,0.3662,272.2099
2025-01-02T08:00:00Z,63000.0000,PUT,0.3662,268.1612
2025-01-02T09:00:00Z,59000.0000,CALL,0.3636,255.5197
2025-01-02T09:00:00Z,59000.0000,PUT,0.3636,344.5921
2025-01-02T09:00:00Z,60000.0000,CALL,0.3436,206.0438
2025-01-02T09:00:00Z,60000.0000,PUT,0.3436,282.4613
2025-01-02T09:00:00Z,61000.0000,CALL,0.3280,248.6833
2025-01-02T09:00:00Z,61000.0000,PUT,0.3280,308.7881
2025-01-02T09:00:00Z,62000.0000,CALL,0.3480,283.6480
2025-01-02T09:00:00Z,62000.0000,PUT,0.3480,369.2983
2025-01-02T09:00:00Z,63000.0000,CALL,0.3680,258.4141
2025-01-02T09:00:00Z,63000.0000,PUT,0.3680,388.3519
2025-01-02T10:00:00Z,59000.0000,CALL,0.3358,297.2339
2025-01-02T10:00:00Z,59000.0000,PUT,0.3358,352.1391
2025-01-02T10:00:00Z,60000.0000,CALL,0.3158,285.8132
2025-01-02T10:00:00Z,60000.0000,PUT,0.3158,269.4928
2025-01-02T10:00:00Z,61000.0000,CALL,0.3048,233.9221
2025-01-02T10:00:00Z,61000.0000,PUT,0.3048,286.8324
2025-01-02T10:00:00Z,62000.0000,CALL,0.3248,243.3101
2025-01-02T10:00:00Z,62000.0000,PUT,0.3248,319.2406
2025-01-02T10:00:00Z,63000.0000,CALL,0.3448,280.9141
2025-01-02T10:00:00Z,63000.0000,PUT,0.3448,281.4541
2025-01-02T11:00:00Z,59000.0000,CALL,0.3561,293.1227
2025-01-02T11:00:00Z,59000.0000,PUT,0.3561,316.4906
2025-01-02T11:00:00Z,60000.0000,CALL,0.3361,286.4173
2025-01-02T11:00:00Z,60000.0000,PUT,0.3361,301.3832
2025-01-02T11:00:00Z,61000.0000,CALL,0.3303,241.4661
2025-01-02T11:00:00Z,61000.0000,PUT,0.3303,386.7161
2025-01-02T11:00:00Z,62000.0000,CALL,0.3503,273.3620
2025-01-02T11:00:00Z,62000.0000,PUT,0.3503,265.4345
2025-01-02T11:00:00Z,63000.0000,CALL,0.3703,215.1570
2025-01-02T11:00:00Z,63000.0000,PUT,0.3703,285.4910
2025-01-02T12:00:00Z,59000.0000,CALL,0.3507,217.3274
2025-01-02T12:00:00Z,59000.0000,PUT,0.3507,269.4269
2025-01-02T12:00:00Z,60000.0000,CALL,0.3307,270.0036
2025-01-02T12:00:00Z,60000.0000,PUT,0.3307,331.8745
2025-01-02T12:00:00Z,61000.0000,CALL,0.3252,282.1068
2025-01-02T12:00:00Z,61000.0000,PUT,0.3252,377.0279
2025-01-02T12:00:00Z,62000.0000,CALL,0.3452,239.1141
2025-01-02T12:00:00Z,62000.0000,PUT,0.3452,370.3256
2025-01-02T12:00:00Z,63000.0000,CALL,0.3652,221.9134
2025-01-02T12:00:00Z,63000.0000,PUT,0.3652,337.8504
2025-01-02T13:00:00Z,59000.0000,CALL,0.3890,210.7049
2025-01-02T13:00:00Z,59000.0000,PUT,0.3890,380.0711
2025-01-02T13:00:00Z,60000.0000,CALL,0.3690,222.5567
2025-01-02T13:00:00Z,60000.0000,PUT,0.3690,341.7492
2025-01-02T13:00:00Z,61000.0000,CALL,0.3654,293.6198
2025-01-02T13:00:00Z,61000.0000,PUT,0.3654,298.6361
2025-01-02T13:00:00Z,62000.0000,CALL,0.3854,277.9732
2025-01-02T13:00:00Z,62000.0000,PUT,0.3854,366.2805
2025-01-02T13:00:00Z,63000.0000,CALL,0.4054,245.1738
2025-01-02T13:00:00Z,63000.0000,PUT,0.4054,404.7379
2025-01-02T14:00:00Z,59000.0000,CALL,0.3911,244.5019
2025-01-02T14:00:00Z,59000.0000,PUT,0.3911,400.2398
2025-01-02T14:00:00Z,60000.0000,CALL,0.3711,281.3246
2025-01-02T14:00:00Z,60000.0000,PUT,0.3711,297.1908
2025-01-02T14:00:00Z,61000.0000,CALL,0.3670,256.1834
2025-01-02T14:00:00Z,61000.0000,PUT,0.3670,400.9384
2025-01-02T14:00:00Z,62000.0000,CALL,0.3870,231.6175
2025-01-02T14:00:00Z,62000.0000,PUT,0.3870,360.0203
2025-01-02T14:00:00Z,63000.0000,CALL,0.4070,249.5697
2025-01-02T14:00:00Z,63000.0000,PUT,0.4070,370.3645
2025-01-02T15:00:00Z,59000.0000,CALL,0.4273,262.9213
2025-01-02T15:00:00Z,59000.0000,PUT,0.4273,417.8159
2025-01-02T15:00:00Z,60000.0000,CALL,0.4073,229.2594
2025-01-02T15:00:00Z,60000.0000,PUT,0.4073,353.8361
2025-01-02T15:00:00Z,61000.0000,CALL,0.4002,252.1165
2025-01-02T15:00:00Z,61000.0000,PUT,0.4002,302.6397
2025-01-02T15:00:00Z,62000.0000,CALL,0.4202,295.9201
2025-01-02T15:00:00Z,62000.0000,PUT,0.4202,310.9407
2025-01-02T15:00:00Z,63000.0000,CALL,0.4402,296.8613
2025-01-02T15:00:00Z,63000.0000,PUT,0.4402,352.7285
2025-01-02T16:00:00Z,59000.0000,CALL,0.4634,240.3550
2025-01-02T16:00:00Z,59000.0000,PUT,0.4634,304.4000
2025-01-02T16:00:00Z,60000.0000,CALL,0.4434,299.7743
2025-01-02T16:00:00Z,60000.0000,PUT,0.4434,404.7414
2025-01-02T16:00:00Z,61000.0000,CALL,0.4393,234.3892
2025-01-02T16:00:00Z,61000.0000,PUT,0.4393,413.3376
2025-01-02T16:00:00Z,62000.0000,CALL,0.4593,258.2509
2025-01-02T16:00:00Z,62000.0000,PUT,0.4593,363.5595
2025-01-02T16:00:00Z,63000.0000,CALL,0.4793,238.4522
2025-01-02T16:00:00Z,63000.0000,PUT,0.4793,415.3490
2025-01-02T17:00:00Z,59000.0000,CALL,0.4632,278.9052
2025-01-02T17:00:00Z,59000.0000,PUT,0.4632,405.3745
2025-01-02T17:00:00Z,60000.0000,CALL,0.4432,221.3948
2025-01-02T17:00:00Z,60000.0000,PUT,0.4432,344.7491
2025-01-02T17:00:00Z,61000.0000,CALL,0.4428,217.5260
2025-01-02T17:00:00Z,61000.0000,PUT,0.4428,327.5037
2025-01-02T17:00:00Z,62000.0000,CALL,0.4628,239.8915
2025-01-02T17:00:00Z,62000.0000,PUT,0.4628,291.0880
2025-01-02T17:00:00Z,63000.0000,CALL,0.4828,235.3652
2025-01-02T17:00:00Z,63000.0000,PUT,0.4828,350.1635
2025-01-02T18:00:00Z,59000.0000,CALL,0.5174,226.5682
2025-01-02T18:00:00Z,59000.0000,PUT,0.5174,301.1332
2025-01-02T18:00:00Z,60000.0000,CALL,0.4974,233.9303
2025-01-02T18:00:00Z,60000.0000,PUT,0.4974,360.3723
2025-01-02T18:00:00Z,61000.0000,CALL,0.4960,241.8896
2025-01-02T18:00:00Z,61000.0000,PUT,0.4960,388.4206
2025-01-02T18:00:00Z,62000.0000,CALL,0.5160,220.6750
2025-01-02T18:00:00Z,62000.0000,PUT,0.5160,318.5106
2025-01-02T18:00:00Z,63000.0000,CALL,0.5360,225.7792
2025-01-02T18:00:00Z,63000.0000,PUT,0.5360,383.5412
2025-01-02T19:00:00Z,59000.0000,CALL,0.5549,237.8588
2025-01-02T19:00:00Z,59000.0000,PUT,0.5549,405.3893
2025-01-02T19:00:00Z,60000.0000,CALL,0.5349,299.6966
2025-01-02T19:00:00Z,60000.0000,PUT,0.5349,324.8657
2025-01-02T19:00:00Z,61000.0000,CALL,0.5343,273.8084
2025-01-02T19:00:00Z,61000.0000,PUT,0.5343,421.2706
2025-01-02T19:00:00Z,62000.0000,CALL,0.5543,291.2391
2025-01-02T19:00:00Z,62000.0000,PUT,0.5543,366.4347
2025-01-02T19:00:00Z,63000.0000,CALL,0.5743,293.2432
2025-01-02T19:00:00Z,63000.0000,PUT,0.5743,326.3846
2025-01-02T20:00:00Z,58000.0000,CALL,0.6206,264.3891
2025-01-02T20:00:00Z,58000.0000,PUT,0.6206,317.9995
2025-01-02T20:00:00Z,59000.0000,CALL,0.6006,237.6909
2025-01-02T20:00:00Z,59000.0000,PUT,0.6006,388.1909
2025-01-02T20:00:00Z,60000.0000,CALL,0.5806,272.5229
2025-01-02T20:00:00Z,60000.0000,PUT,0.5806,361.8669
2025-01-02T20:00:00Z,61000.0000,CALL,0.5828,225.0730
2025-01-02T20:00:00Z,61000.0000,PUT,0.5828,330.5358
2025-01-02T20:00:00Z,62000.0000,CALL,0.6028,233.2018
2025-01-02T20:00:00Z,62000.0000,PUT,0.6028,427.0414
2025-01-02T21:00:00Z,58000.0000,CALL,0.6394,227.3465
2025-01-02T21:00:00Z,58000.0000,PUT,0.6394,445.3252
2025-01-02T21:00:00Z,59000.0000,CALL,0.6194,246.3345
2025-01-02T21:00:00Z,59000.0000,PUT,0.6194,394.3981
2025-01-02T21:00:00Z,60000.0000,CALL,0.5994,295.2057
2025-01-02T21:00:00Z,60000.0000,PUT,0.5994,378.1824
2025-01-02T21:00:00Z,61000.0000,CALL,0.6041,268.0518
2025-01-02T21:00:00Z,61000.0000,PUT,0.6041,377.8750
2025-01-02T21:00:00Z,62000.0000,CALL,0.6241,208.8171
2025-01-02T21:00:00Z,62000.0000,PUT,0.6241,383.6041
2025-01-02T22:00:00Z,58000.0000,CALL,0.6823,214.4893
2025-01-02T22:00:00Z,58000.0000,PUT,0.6823,467.7257
2025-01-02T22:00:00Z,59000.0000,CALL,0.6623,291.0231
2025-01-02T22:00:00Z,59000.0000,PUT,0.6623,453.8855
2025-01-02T22:00:00Z,60000.0000,CALL,0.6423,214.4052
2025-01-02T22:00:00Z,60000.0000,PUT,0.6423,444.5803
2025-01-02T22:00:00Z,61000.0000,CALL,0.6465,260.4905
2025-01-02T22:00:00Z,61000.0000,PUT,0.6465,366.9916
2025-01-02T22:00:00Z,62000.0000,CALL,0.6665,279.0317
2025-01-02T22:00:00Z,62000.0000,PUT,0.6665,471.7827
2025-01-02T23:00:00Z,58000.0000,CALL,0.7382,268.9067
2025-01-02T23:00:00Z,58000.0000,PUT,0.7382,488.9126
2025-01-02T23:00:00Z,59000.0000,CALL,0.7182,252.9569
2025-01-02T23:00:00Z,59000.0000,PUT,0.7182,396.7573
2025-01-02T23:00:00Z,60000.0000,CALL,0.6982,287.5225
2025-01-02T23:00:00Z,60000.0000,PUT,0.6982,493.8571
2025-01-02T23:00:00Z,61000.0000,CALL,0.7060,220.0195
2025-01-02T23:00:00Z,61000.0000,PUT,0.7060,473.3028
2025-01-02T23:00:00Z,62000.0000,CALL,0.7260,207.0193
2025-01-02T23:00:00Z,62000.0000,PUT,0.7260,479.3630
2025-01-03T00:00:00Z,58000.0000,CALL,0.7520,212.2058
2025-01-03T00:00:00Z,58000.0000,PUT,0.7520,383.5803
2025-01-03T00:00:00Z,59000.0000,CALL,0.7320,215.3766
2025-01-03T00:00:00Z,59000.0000,PUT,0.7320,456.9100
2025-01-03T00:00:00Z,60000.0000,CALL,0.7120,208.2350
2025-01-03T00:00:00Z,60000.0000,PUT,0.7120,510.0796
2025-01-03T00:00:00Z,61000.0000,CALL,0.7162,273.7704
2025-01-03T00:00:00Z,61000.0000,PUT,0.7162,371.4693
2025-01-03T00:00:00Z,62000.0000,CALL,0.7362,263.0885
2025-01-03T00:00:00Z,62000.0000,PUT,0.7362,353.5046
2025-01-03T01:00:00Z,58000.0000,CALL,0.7905,249.1750
2025-01-03T01:00:00Z,58000.0000,PUT,0.7905,356.5165
2025-01-03T01:00:00Z,59000.0000,CALL,0.7705,208.5045
2025-01-03T01:00:00Z,59000.0000,PUT,0.7705,430.9822
2025-01-03T01:00:00Z,60000.0000,CALL,0.7505,222.5041
2025-01-03T01:00:00Z,60000.0000,PUT,0.7505,389.4744
2025-01-03T01:00:00Z,61000.0000,CALL,0.7586,285.3203
2025-01-03T01:00:00Z,61000.0000,PUT,0.7586,457.3980
2025-01-03T01:00:00Z,62000.0000,CALL,0.7786,233.1246
2025-01-03T01:00:00Z,62000.0000,PUT,0.7786,386.6106
2025-01-03T02:00:00Z,58000.0000,CALL,0.8303,288.9536
2025-01-03T02:00:00Z,58000.0000,PUT,0.8303,457.4317
2025-01-03T02:00:00Z,59000.0000,CALL,0.8103,263.7833
2025-01-03T02:00:00Z,59000.0000,PUT,0.8103,399.2355
2025-01-03T02:00:00Z,60000.0000,CALL,0.7903,267.6943
2025-01-03T02:00:00Z,60000.0000,PUT,0.7903,479.3155
2025-01-03T02:00:00Z,61000.0000,CALL,0.7954,227.5985
2025-01-03T02:00:00Z,61000.0000,PUT,0.7954,441.3629
2025-01-03T02:00:00Z,62000.0000,CALL,0.8154,268.0094
2025-01-03T02:00:00Z,62000.0000,PUT,0.8154,392.3455
2025-01-03T03:00:00Z,58000.0000,CALL,0.8530,269.1674
2025-01-03T03:00:00Z,58000.0000,PUT,0.8530,506.4466
2025-01-03T03:00:00Z,59000.0000,CALL,0.8330,208.0737
2025-01-03T03:00:00Z,59000.0000,PUT,0.8330,526.5076
2025-01-03T03:00:00Z,60000.0000,CALL,0.8130,288.7076
2025-01-03T03:00:00Z,60000.0000,PUT,0.8130,487.2846
2025-01-03T03:00:00Z,61000.0000,CALL,0.8190,232.7776
2025-01-03T03:00:00Z,61000.0000,PUT,0.8190,371.9553
2025-01-03T03:00:00Z,62000.0000,CALL,0.8390,262.9108
2025-01-03T03:00:00Z,62000.0000,PUT,0.8390,397.6071
2025-01-03T04:00:00Z,58000.0000,CALL,0.8860,200.6930
2025-01-03T04:00:00Z,58000.0000,PUT,0.8860,395.3709
2025-01-03T04:00:00Z,59000.0000,CALL,0.8660,232.9878
2025-01-03T04:00:00Z,59000.0000,PUT,0.8660,477.7363
2025-01-03T04:00:00Z,60000.0000,CALL,0.8460,298.7905
2025-01-03T04:00:00Z,60000.0000,PUT,0.8460,547.8266
2025-01-03T04:00:00Z,61000.0000,CALL,0.8531,245.5948
2025-01-03T04:00:00Z,61000.0000,PUT,0.8531,416.0976
2025-01-03T04:00:00Z,62000.0000,CALL,0.8731,261.5991
2025-01-03T04:00:00Z,62000.0000,PUT,0.8731,476.7452
2025-01-03T05:00:00Z,58000.0000,CALL,0.8913,282.3646
2025-01-03T05:00:00Z,58000.0000,PUT,0.8913,433.0872
2025-01-03T05:00:00Z,59000.0000,CALL,0.8713,223.6325
2025-01-03T05:00:00Z,59000.0000,PUT,0.8713,445.1667
2025-01-03T05:00:00Z,60000.0000,CALL,0.8513,244.6851
2025-01-03T05:00:00Z,60000.0000,PUT,0.8513,458.6128
2025-01-03T05:00:00Z,61000.0000,CALL,0.8579,217.7173
2025-01-03T05:00:00Z,61000.0000,PUT,0.8579,491.9892
2025-01-03T05:00:00Z,62000.0000,CALL,0.8779,267.4380
2025-01-03T05:00:00Z,62000.0000,PUT,0.8779,477.1288
2025-01-03T06:00:00Z,58000.0000,CALL,0.9136,268.4239
2025-01-03T06:00:00Z,58000.0000,PUT,0.9136,395.7984
2025-01-03T06:00:00Z,59000.0000,CALL,0.8936,248.1673
2025-01-03T06:00:00Z,59000.0000,PUT,0.8936,410.9215
2025-01-03T06:00:00Z,60000.0000,CALL,0.8736,254.9551
2025-01-03T06:00:00Z,60000.0000,PUT,0.8736,413.0835
2025-01-03T06:00:00Z,61000.0000,CALL,0.8753,299.8010
2025-01-03T06:00:00Z,61000.0000,PUT,0.8753,384.7312
2025-01-03T06:00:00Z,62000.0000,CALL,0.8953,266.8159
2025-01-03T06:00:00Z,62000.0000,PUT,0.8953,415.8004
2025-01-03T07:00:00Z,58000.0000,CALL,0.9160,223.8385
2025-01-03T07:00:00Z,58000.0000,PUT,0.9160,434.6480
2025-01-03T07:00:00Z,59000.0000,CALL,0.8960,233.9325
2025-01-03T07:00:00Z,59000.0000,PUT,0.8960,411.1540
2025-01-03T07:00:00Z,60000.0000,CALL,0.8760,214.6065
2025-01-03T07:00:00Z,60000.0000,PUT,0.8760,439.5494
2025-01-03T07:00:00Z,61000.0000,CALL,0.8761,229.0112
2025-01-03T07:00:00Z,61000.0000,PUT,0.8761,426.4644
2025-01-03T07:00:00Z,62000.0000,CALL,0.8961,284.0642
2025-01-03T07:00:00Z,62000.0000,PUT,0.8961,524.8853
2025-01-03T08:00:00Z,59000.0000,CALL,0.9190,264.9915
2025-01-03T08:00:00Z,59000.0000,PUT,0.9190,479.4751
2025-01-03T08:00:00Z,60000.0000,CALL,0.8990,232.1196
2025-01-03T08:00:00Z,60000.0000,PUT,0.8990,546.8875
2025-01-03T08:00:00Z,61000.0000,CALL,0.8988,267.0563
2025-01-03T08:00:00Z,61000.0000,PUT,0.8988,408.1249
2025-01-03T08:00:00Z,62000.0000,CALL,0.9188,223.4884
2025-01-03T08:00:00Z,62000.0000,PUT,0.9188,552.0603
2025-01-03T08:00:00Z,63000.0000,CALL,0.9388,280.1848
2025-01-03T08:00:00Z,63000.0000,PUT,0.9388,410.4398
2025-01-03T09:00:00Z,59000.0000,CALL,0.9086,217.2428
2025-01-03T09:00:00Z,59000.0000,PUT,0.9086,467.9831
2025-01-03T09:00:00Z,60000.0000,CALL,0.8886,226.7705
2025-01-03T09:00:00Z,60000.0000,PUT,0.8886,553.0146
2025-01-03T09:00:00Z,61000.0000,CALL,0.8821,264.4484
2025-01-03T09:00:00Z,61000.0000,PUT,0.8821,480.1352
2025-01-03T09:00:00Z,62000.0000,CALL,0.9021,270.6999
2025-01-03T09:00:00Z,62000.0000,PUT,0.9021,541.0463
2025-01-03T09:00:00Z,63000.0000,CALL,0.9221,211.8428
2025-01-03T09:00:00Z,63000.0000,PUT,0.9221,425.2129
2025-01-03T10:00:00Z,59000.0000,CALL,0.8967,268.7498
2025-01-03T10:00:00Z,59000.0000,PUT,0.8967,379.9031
2025-01-03T10:00:00Z,60000.0000,CALL,0.8767,263.5300
2025-01-03T10:00:00Z,60000.0000,PUT,0.8767,453.6440
2025-01-03T10:00:00Z,61000.0000,CALL,0.8727,244.3976
2025-01-03T10:00:00Z,61000.0000,PUT,0.8727,525.8140
2025-01-03T10:00:00Z,62000.0000,CALL,0.8927,247.9172
2025-01-03T10:00:00Z,62000.0000,PUT,0.8927,381.0343
2025-01-03T10:00:00Z,63000.0000,CALL,0.9127,272.0232
2025-01-03T10:00:00Z,63000.0000,PUT,0.9127,374.1631
2025-01-03T11:00:00Z,59000.0000,CALL,0.8928,287.6390
2025-01-03T11:00:00Z,59000.0000,PUT,0.8928,544.4068
2025-01-03T11:00:00Z,60000.0000,CALL,0.8728,204.1762
2025-01-03T11:00:00Z,60000.0000,PUT,0.8728,395.1208
2025-01-03T11:00:00Z,61000.0000,CALL,0.8680,231.1353
2025-01-03T11:00:00Z,61000.0000,PUT,0.8680,458.7597
2025-01-03T11:00:00Z,62000.0000,CALL,0.8880,299.0882
2025-01-03T11:00:00Z,62000.0000,PUT,0.8880,476.3352
2025-01-03T11:00:00Z,63000.0000,CALL,0.9080,264.9894
2025-01-03T11:00:00Z,63000.0000,PUT,0.9080,487.9646
2025-01-03T12:00:00Z,58000.0000,CALL,0.8832,263.4437
2025-01-03T12:00:00Z,58000.0000,PUT,0.8832,515.2350
2025-01-03T12:00:00Z,59000.0000,CALL,0.8632,267.8435
2025-01-03T12:00:00Z,59000.0000,PUT,0.8632,471.0942
2025-01-03T12:00:00Z,60000.0000,CALL,0.8432,281.9655
2025-01-03T12:00:00Z,60000.0000,PUT,0.8432,370.3751
2025-01-03T12:00:00Z,61000.0000,CALL,0.8460,258.5824
2025-01-03T12:00:00Z,61000.0000,PUT,0.8460,485.7179
2025-01-03T12:00:00Z,62000.0000,CALL,0.8660,230.6728
2025-01-03T12:00:00Z,62000.0000,PUT,0.8660,513.6123
2025-01-03T13:00:00Z,59000.0000,CALL,0.8552,239.6416
2025-01-03T13:00:00Z,59000.0000,PUT,0.8552,449.1245
2025-01-03T13:00:00Z,60000.0000,CALL,0.8352,286.1183
2025-01-03T13:00:00Z,60000.0000,PUT,0.8352,468.5658
2025-01-03T13:00:00Z,61000.0000,CALL,0.8344,227.3083
2025-01-03T13:00:00Z,61000.0000,PUT,0.8344,479.3881
2025-01-03T13:00:00Z,62000.0000,CALL,0.8544,251.7269
2025-01-03T13:00:00Z,62000.0000,PUT,0.8544,404.5341
2025-01-03T13:00:00Z,63000.0000,CALL,0.8744,249.5309
2025-01-03T13:00:00Z,63000.0000,PUT,0.8744,518.0385
2025-01-03T14:00:00Z,59000.0000,CALL,0.8233,297.9862
2025-01-03T14:00:00Z,59000.0000,PUT,0.8233,530.3868
2025-01-03T14:00:00Z,60000.0000,CALL,0.8033,213.8635
2025-01-03T14:00:00Z,60000.0000,PUT,0.8033,534.0873
2025-01-03T14:00:00Z,61000.0000,CALL,0.7995,254.5880
2025-01-03T14:00:00Z,61000.0000,PUT,0.7995,387.9817
2025-01-03T14:00:00Z,62000.0000,CALL,0.8195,225.3785
2025-01-03T14:00:00Z,62000.0000,PUT,0.8195,481.1500
2025-01-03T14:00:00Z,63000.0000,CALL,0.8395,237.7295
2025-01-03T14:00:00Z,63000.0000,PUT,0.8395,438.6704
2025-01-03T15:00:00Z,59000.0000,CALL,0.7853,218.9128
2025-01-03T15:00:00Z,59000.0000,PUT,0.7853,395.5613
2025-01-03T15:00:00Z,60000.0000,CALL,0.7653,295.8209
2025-01-03T15:00:00Z,60000.0000,PUT,0.7653,410.9839
2025-01-03T15:00:00Z,61000.0000,CALL,0.7522,291.0649
2025-01-03T15:00:00Z,61000.0000,PUT,0.7522,478.3934
2025-01-03T15:00:00Z,62000.0000,CALL,0.7722,291.2765
2025-01-03T15:00:00Z,62000.0000,PUT,0.7722,351.1477
2025-01-03T15:00:00Z,63000.0000,CALL,0.7922,232.1161
2025-01-03T15:00:00Z,63000.0000,PUT,0.7922,488.4000
2025-01-03T16:00:00Z,59000.0000,CALL,0.7543,257.6830
2025-01-03T16:00:00Z,59000.0000,PUT,0.7543,384.5763
2025-01-03T16:00:00Z,60000.0000,CALL,0.7343,258.4424
2025-01-03T16:00:00Z,60000.0000,PUT,0.7343,461.1562
2025-01-03T16:00:00Z,61000.0000,CALL,0.7158,299.4643
2025-01-03T16:00:00Z,61000.0000,PUT,0.7158,386.2681
2025-01-03T16:00:00Z,62000.0000,CALL,0.7358,213.0747
2025-01-03T16:00:00Z,62000.0000,PUT,0.7358,444.1095
2025-01-03T16:00:00Z,63000.0000,CALL,0.7558,239.6019
2025-01-03T16:00:00Z,63000.0000,PUT,0.7558,506.9324
2025-01-03T17:00:00Z,59000.0000,CALL,0.7501,265.5314
2025-01-03T17:00:00Z,59000.0000,PUT,0.7501,495.5311
2025-01-03T17:00:00Z,60000.0000,CALL,0.7301,221.4262
2025-01-03T17:00:00Z,60000.0000,PUT,0.7301,344.8780
2025-01-03T17:00:00Z,61000.0000,CALL,0.7101,272.4372
2025-01-03T17:00:00Z,61000.0000,PUT,0.7101,449.9447
2025-01-03T17:00:00Z,62000.0000,CALL,0.7293,255.2753
2025-01-03T17:00:00Z,62000.0000,PUT,0.7293,481.9839
2025-01-03T17:00:00Z,63000.0000,CALL,0.7493,248.0074
2025-01-03T17:00:00Z,63000.0000,PUT,0.7493,346.2303
2025-01-03T18:00:00Z,59000.0000,CALL,0.7063,211.1450
2025-01-03T18:00:00Z,59000.0000,PUT,0.7063,462.5139
2025-01-03T18:00:00Z,60000.0000,CALL,0.6863,277.2822
2025-01-03T18:00:00Z,60000.0000,PUT,0.6863,458.7637
2025-01-03T18:00:00Z,61000.0000,CALL,0.6663,272.7220
2025-01-03T18:00:00Z,61000.0000,PUT,0.6663,408.6307
2025-01-03T18:00:00Z,62000.0000,CALL,0.6862,299.7482
2025-01-03T18:00:00Z,62000.0000,PUT,0.6862,375.5696
2025-01-03T18:00:00Z,63000.0000,CALL,0.7062,241.3053
2025-01-03T18:00:00Z,63000.0000,PUT,0.7062,410.2815
2025-01-03T19:00:00Z,59000.0000,CALL,0.6439,200.2379
2025-01-03T19:00:00Z,59000.0000,PUT,0.6439,449.1254
2025-01-03T19:00:00Z,60000.0000,CALL,0.6239,292.1610
2025-01-03T19:00:00Z,60000.0000,PUT,0.6239,454.4125
2025-01-03T19:00:00Z,61000.0000,CALL,0.6074,221.8546
2025-01-03T19:00:00Z,61000.0000,PUT,0.6074,385.7094
2025-01-03T19:00:00Z,62000.0000,CALL,0.6274,205.9485
2025-01-03T19:00:00Z,62000.0000,PUT,0.6274,447.6720
2025-01-03T19:00:00Z,63000.0000,CALL,0.6474,222.0583
2025-01-03T19:00:00Z,63000.0000,PUT,0.6474,474.6531
2025-01-03T20:00:00Z,59000.0000,CALL,0.6031,280.5330
2025-01-03T20:00:00Z,59000.0000,PUT,0.6031,362.7823
2025-01-03T20:00:00Z,60000.0000,CALL,0.5831,283.9663
2025-01-03T20:00:00Z,60000.0000,PUT,0.5831,435.6331
2025-01-03T20:00:00Z,61000.0000,CALL,0.5747,285.8010
2025-01-03T20:00:00Z,61000.0000,PUT,0.5747,361.4180
2025-01-03T20:00:00Z,62000.0000,CALL,0.5947,247.6898
2025-01-03T20:00:00Z,62000.0000,PUT,0.5947,458.9030
2025-01-03T20:00:00Z,63000.0000,CALL,0.6147,250.2160
2025-01-03T20:00:00Z,63000.0000,PUT,0.6147,320.7025
2025-01-03T21:00:00Z,59000.0000,CALL,0.5555,255.2433
2025-01-03T21:00:00Z,59000.0000,PUT,0.5555,372.2562
2025-01-03T21:00:00Z,60000.0000,CALL,0.5355,276.3941
2025-01-03T21:00:00Z,60000.0000,PUT,0.5355,400.1276
2025-01-03T21:00:00Z,61000.0000,CALL,0.5339,216.4299
2025-01-03T21:00:00Z,61000.0000,PUT,0.5339,339.9408
2025-01-03T21:00:00Z,62000.0000,CALL,0.5539,280.6674
2025-01-03T21:00:00Z,62000.0000,PUT,0.5539,436.3898
2025-01-03T21:00:00Z,63000.0000,CALL,0.5739,292.0091
2025-01-03T21:00:00Z,63000.0000,PUT,0.5739,319.1889
2025-01-03T22:00:00Z,59000.0000,CALL,0.5256,240.2808
2025-01-03T22:00:00Z,59000.0000,PUT,0.5256,335.9472
2025-01-03T22:00:00Z,60000.0000,CALL,0.5056,280.6749
2025-01-03T22:00:00Z,60000.0000,PUT,0.5056,379.7481
2025-01-03T22:00:00Z,61000.0000,CALL,0.5038,236.8041
2025-01-03T22:00:00Z,61000.0000,PUT,0.5038,432.6018
2025-01-03T22:00:00Z,62000.0000,CALL,0.5238,253.4955
2025-01-03T22:00:00Z,62000.0000,PUT,0.5238,400.2755
2025-01-03T22:00:00Z,63000.0000,CALL,0.5438,299.6100
2025-01-03T22:00:00Z,63000.0000,PUT,0.5438,301.7675
2025-01-03T23:00:00Z,59000.0000,CALL,0.4990,210.3384
2025-01-03T23:00:00Z,59000.0000,PUT,0.4990,390.0202
2025-01-03T23:00:00Z,60000.0000,CALL,0.4790,252.2720
2025-01-03T23:00:00Z,60000.0000,PUT,0.4790,394.2113
2025-01-03T23:00:00Z,61000.0000,CALL,0.4790,254.4295
2025-01-03T23:00:00Z,61000.0000,PUT,0.4790,344.2765
2025-01-03T23:00:00Z,62000.0000,CALL,0.4990,226.1334
2025-01-03T23:00:00Z,62000.0000,PUT,0.4990,297.8844
2025-01-03T23:00:00Z,63000.0000,CALL,0.5190,284.1062
2025-01-03T23:00:00Z,63000.0000,PUT,0.5190,308.9691
2025-01-04T00:00:00Z,59000.0000,CALL,0.4677,226.0664
2025-01-04T00:00:00Z,59000.0000,PUT,0.4677,369.6156
2025-01-04T00:00:00Z,60000.0000,CALL,0.4477,245.6837
2025-01-04T00:00:00Z,60000.0000,PUT,0.4477,409.6488
2025-01-04T00:00:00Z,61000.0000,CALL,0.4435,258.4027
2025-01-04T00:00:00Z,61000.0000,PUT,0.4435,361.0026
2025-01-04T00:00:00Z,62000.0000,CALL,0.4635,215.0429
2025-01-04T00:00:00Z,62000.0000,PUT,0.4635,367.8413
2025-01-04T00:00:00Z,63000.0000,CALL,0.4835,226.6157
2025-01-04T00:00:00Z,63000.0000,PUT,0.4835,354.3516
2025-01-04T01:00:00Z,59000.0000,CALL,0.4331,293.5529
2025-01-04T01:00:00Z,59000.0000,PUT,0.4331,301.3590
2025-01-04T01:00:00Z,60000.0000,CALL,0.4131,271.2093
2025-01-04T01:00:00Z,60000.0000,PUT,0.4131,312.4683
2025-01-04T01:00:00Z,61000.0000,CALL,0.4071,253.3683
2025-01-04T01:00:00Z,61000.0000,PUT,0.4071,386.2272
2025-01-04T01:00:00Z,62000.0000,CALL,0.4271,274.5118
2025-01-04T01:00:00Z,62000.0000,PUT,0.4271,338.2603
2025-01-04T01:00:00Z,63000.0000,CALL,0.4471,242.0549
2025-01-04T01:00:00Z,63000.0000,PUT,0.4471,388.1429
2025-01-04T02:00:00Z,59000.0000,CALL,0.4204,228.5892
2025-01-04T02:00:00Z,59000.0000,PUT,0.4204,333.4893
2025-01-04T02:00:00Z,60000.0000,CALL,0.4004,266.9140
2025-01-04T02:00:00Z,60000.0000,PUT,0.4004,309.2098
2025-01-04T02:00:00Z,61000.0000,CALL,0.3912,288.0899
2025-01-04T02:00:00Z,61000.0000,PUT,0.3912,397.4012
2025-01-04T02:00:00Z,62000.0000,CALL,0.4112,237.8748
2025-01-04T02:00:00Z,62000.0000,PUT,0.4112,279.7682
2025-01-04T02:00:00Z,63000.0000,CALL,0.4312,230.7463
2025-01-04T02:00:00Z,63000.0000,PUT,0.4312,313.4566
2025-01-04T03:00:00Z,59000.0000,CALL,0.3982,244.5911
2025-01-04T03:00:00Z,59000.0000,PUT,0.3982,315.5618
2025-01-04T03:00:00Z,60000.0000,CALL,0.3782,280.4789
2025-01-04T03:00:00Z,60000.0000,PUT,0.3782,275.2548
2025-01-04T03:00:00Z,61000.0000,CALL,0.3689,221.6126
2025-01-04T03:00:00Z,61000.0000,PUT,0.3689,392.7095
2025-01-04T03:00:00Z,62000.0000,CALL,0.3889,203.6359
2025-01-04T03:00:00Z,62000.0000,PUT,0.3889,330.5770
2025-01-04T03:00:00Z,63000.0000,CALL,0.4089,298.4700
2025-01-04T03:00:00Z,63000.0000,PUT,0.4089,313.5713
2025-01-04T04:00:00Z,59000.0000,CALL,0.3691,228.3841
2025-01-04T04:00:00Z,59000.0000,PUT,0.3691,386.6725
2025-01-04T04:00:00Z,60000.0000,CALL,0.3491,210.7274
2025-01-04T04:00:00Z,60000.0000,PUT,0.3491,369.3392
2025-01-04T04:00:00Z,61000.0000,CALL,0.3392,217.2395
2025-01-04T04:00:00Z,61000.0000,PUT,0.3392,347.6926
2025-01-04T04:00:00Z,62000.0000,CALL,0.3592,248.8252
2025-01-04T04:00:00Z,62000.0000,PUT,0.3592,336.1926
2025-01-04T04:00:00Z,63000.0000,CALL,0.3792,299.7269
2025-01-04T04:00:00Z,63000.0000,PUT,0.3792,382.1662
2025-01-04T05:00:00Z,59000.0000,CALL,0.3437,235.4575
2025-01-04T05:00:00Z,59000.0000,PUT,0.3437,288.8085
2025-01-04T05:00:00Z,60000.0000,CALL,0.3237,273.6341
2025-01-04T05:00:00Z,60000.0000,PUT,0.3237,381.3829
2025-01-04T05:00:00Z,61000.0000,CALL,0.3211,233.1921
2025-01-04T05:00:00Z,61000.0000,PUT,0.3211,292.7741
2025-01-04T05:00:00Z,62000.0000,CALL,0.3411,211.1688
2025-01-04T05:00:00Z,62000.0000,PUT,0.3411,353.2204
2025-01-04T05:00:00Z,63000.0000,CALL,0.3611,250.8864
2025-01-04T05:00:00Z,63000.0000,PUT,0.3611,327.6418
2025-01-04T06:00:00Z,59000.0000,CALL,0.3468,219.6945
2025-01-04T06:00:00Z,59000.0000,PUT,0.3468,372.1331
2025-01-04T06:00:00Z,60000.0000,CALL,0.3268,262.1710
2025-01-04T06:00:00Z,60000.0000,PUT,0.3268,293.3822
2025-01-04T06:00:00Z,61000.0000,CALL,0.3252,238.5848
2025-01-04T06:00:00Z,61000.0000,PUT,0.3252,264.8909
2025-01-04T06:00:00Z,62000.0000,CALL,0.3452,276.4637
2025-01-04T06:00:00Z,62000.0000,PUT,0.3452,372.7023
2025-01-04T06:00:00Z,63000.0000,CALL,0.3652,277.2567
2025-01-04T06:00:00Z,63000.0000,PUT,0.3652,290.7538
2025-01-04T07:00:00Z,59000.0000,CALL,0.3487,202.4517
2025-01-04T07:00:00Z,59000.0000,PUT,0.3487,359.0216
2025-01-04T07:00:00Z,60000.0000,CALL,0.3287,288.2136
2025-01-04T07:00:00Z,60000.0000,PUT,0.3287,385.0779
2025-01-04T07:00:00Z,61000.0000,CALL,0.3249,299.5151
2025-01-04T07:00:00Z,61000.0000,PUT,0.3249,289.2973
2025-01-04T07:00:00Z,62000.0000,CALL,0.3449,227.0880
2025-01-04T07:00:00Z,62000.0000,PUT,0.3449,384.4609
2025-01-04T07:00:00Z,63000.0000,CALL,0.3649,205.6015
2025-01-04T07:00:00Z,63000.0000,PUT,0.3649,360.5436
2025-01-04T08:00:00Z,58000.0000,CALL,0.3640,293.0400
2025-01-04T08:00:00Z,58000.0000,PUT,0.3640,293.1777
2025-01-04T08:00:00Z,59000.0000,CALL,0.3440,230.1326
2025-01-04T08:00:00Z,59000.0000,PUT,0.3440,306.7415
2025-01-04T08:00:00Z,60000.0000,CALL,0.3240,238.4989
2025-01-04T08:00:00Z,60000.0000,PUT,0.3240,351.2134
2025-01-04T08:00:00Z,61000.0000,CALL,0.3243,216.3576
2025-01-04T08:00:00Z,61000.0000,PUT,0.3243,273.5393
2025-01-04T08:00:00Z,62000.0000,CALL,0.3443,202.9819
2025-01-04T08:00:00Z,62000.0000,PUT,0.3443,297.6627
2025-01-04T09:00:00Z,59000.0000,CALL,0.3622,269.4217
2025-01-04T09:00:00Z,59000.0000,PUT,0.3622,331.6024
2025-01-04T09:00:00Z,60000.0000,CALL,0.3422,266.3826
2025-01-04T09:00:00Z,60000.0000,PUT,0.3422,345.8186
2025-01-04T09:00:00Z,61000.0000,CALL,0.3421,213.9203
2025-01-04T09:00:00Z,61000.0000,PUT,0.3421,364.9444
2025-01-04T09:00:00Z,62000.0000,CALL,0.3621,294.9570
2025-01-04T09:00:00Z,62000.0000,PUT,0.3621,308.8672
2025-01-04T09:00:00Z,63000.0000,CALL,0.3821,218.3247
2025-01-04T09:00:00Z,63000.0000,PUT,0.3821,347.2405
2025-01-04T10:00:00Z,59000.0000,CALL,0.3854,289.9358
2025-01-04T10:00:00Z,59000.0000,PUT,0.3854,287.8114
2025-01-04T10:00:00Z,60000.0000,CALL,0.3654,277.9303
2025-01-04T10:00:00Z,60000.0000,PUT,0.3654,359.6016
2025-01-04T10:00:00Z,61000.0000,CALL,0.3630,295.4544
2025-01-04T10:00:00Z,61000.0000,PUT,0.3630,273.5620
2025-01-04T10:00:00Z,62000.0000,CALL,0.3830,259.1516
2025-01-04T10:00:00Z,62000.0000,PUT,0.3830,345.9508
2025-01-04T10:00:00Z,63000.0000,CALL,0.4030,200.8364
2025-01-04T10:00:00Z,63000.0000,PUT,0.4030,272.0034
2025-01-04T11:00:00Z,59000.0000,CALL,0.3994,264.3365
2025-01-04T11:00:00Z,59000.0000,PUT,0.3994,274.5187
2025-01-04T11:00:00Z,60000.0000,CALL,0.3794,276.8156
2025-01-04T11:00:00Z,60000.0000,PUT,0.3794,346.6624
2025-01-04T11:00:00Z,61000.0000,CALL,0.3720,217.9942
2025-01-04T11:00:00Z,61000.0000,PUT,0.3720,287.2083
2025-01-04T11:00:00Z,62000.0000,CALL,0.3920,229.0749
2025-01-04T11:00:00Z,62000.0000,PUT,0.3920,348.2238
2025-01-04T11:00:00Z,63000.0000,CALL,0.4120,294.9980
2025-01-04T11:00:00Z,63000.0000,PUT,0.4120,302.9413
2025-01-04T12:00:00Z,59000.0000,CALL,0.4262,296.1476
2025-01-04T12:00:00Z,59000.0000,PUT,0.4262,279.1371
2025-01-04T12:00:00Z,60000.0000,CALL,0.4062,295.6950
2025-01-04T12:00:00Z,60000.0000,PUT,0.4062,395.9862
2025-01-04T12:00:00Z,61000.0000,CALL,0.4004,206.9453
2025-01-04T12:00:00Z,61000.0000,PUT,0.4004,330.3705
2025-01-04T12:00:00Z,62000.0000,CALL,0.4204,247.5721
2025-01-04T12:00:00Z,62000.0000,PUT,0.4204,330.8275
2025-01-04T12:00:00Z,63000.0000,CALL,0.4404,272.3899
2025-01-04T12:00:00Z,63000.0000,PUT,0.4404,297.9300
2025-01-04T13:00:00Z,59000.0000,CALL,0.4427,245.0783
2025-01-04T13:00:00Z,59000.0000,PUT,0.4427,422.3881
2025-01-04T13:00:00Z,60000.0000,CALL,0.4227,280.7447
2025-01-04T13:00:00Z,60000.0000,PUT,0.4227,345.1650
2025-01-04T13:00:00Z,61000.0000,CALL,0.4199,261.6787
2025-01-04T13:00:00Z,61000.0000,PUT,0.4199,351.6991
2025-01-04T13:00:00Z,62000.0000,CALL,0.4399,219.9917
2025-01-04T13:00:00Z,62000.0000,PUT,0.4399,356.0486
2025-01-04T13:00:00Z,63000.0000,CALL,0.4599,226.5874
2025-01-04T13:00:00Z,63000.0000,PUT,0.4599,306.6261
2025-01-04T14:00:00Z,59000.0000,CALL,0.4984,282.2081
2025-01-04T14:00:00Z,59000.0000,PUT,0.4984,320.3132
2025-01-04T14:00:00Z,60000.0000,CALL,0.4784,279.1361
2025-01-04T14:00:00Z,60000.0000,PUT,0.4784,403.3141
2025-01-04T14:00:00Z,61000.0000,CALL,0.4683,265.7333
2025-01-04T14:00:00Z,61000.0000,PUT,0.4683,293.0893
2025-01-04T14:00:00Z,62000.0000,CALL,0.4883,216.5375
2025-01-04T14:00:00Z,62000.0000,PUT,0.4883,349.3139
2025-01-04T14:00:00Z,63000.0000,CALL,0.5083,270.2042
2025-01-04T14:00:00Z,63000.0000,PUT,0.5083,387.2262
2025-01-04T15:00:00Z,59000.0000,CALL,0.5153,250.3999
2025-01-04T15:00:00Z,59000.0000,PUT,0.5153,429.4121
2025-01-04T15:00:00Z,60000.0000,CALL,0.4953,279.8861
2025-01-04T15:00:00Z,60000.0000,PUT,0.4953,370.1979
2025-01-04T15:00:00Z,61000.0000,CALL,0.4898,208.6314
2025-01-04T15:00:00Z,61000.0000,PUT,0.4898,423.0304
2025-01-04T15:00:00Z,62000.0000,CALL,0.5098,211.8860
2025-01-04T15:00:00Z,62000.0000,PUT,0.5098,346.3635
2025-01-04T15:00:00Z,63000.0000,CALL,0.5298,220.6800
2025-01-04T15:00:00Z,63000.0000,PUT,0.5298,414.4241
2025-01-04T16:00:00Z,59000.0000,CALL,0.5602,292.7589
2025-01-04T16:00:00Z,59000.0000,PUT,0.5602,377.3035
2025-01-04T16:00:00Z,60000.0000,CALL,0.5402,250.6187
2025-01-04T16:00:00Z,60000.0000,PUT,0.5402,406.3459
2025-01-04T16:00:00Z,61000.0000,CALL,0.5346,215.7969
2025-01-04T16:00:00Z,61000.0000,PUT,0.5346,380.3394
2025-01-04T16:00:00Z,62000.0000,CALL,0.5546,214.5139
2025-01-04T16:00:00Z,62000.0000,PUT,0.5546,410.6771
2025-01-04T16:00:00Z,63000.0000,CALL,0.5746,235.9176
2025-01-04T16:00:00Z,63000.0000,PUT,0.5746,317.4638
2025-01-04T17:00:00Z,59000.0000,CALL,0.5794,290.5282
2025-01-04T17:00:00Z,59000.0000,PUT,0.5794,350.3959
2025-01-04T17:00:00Z,60000.0000,CALL,0.5594,200.5586
2025-01-04T17:00:00Z,60000.0000,PUT,0.5594,321.6330
2025-01-04T17:00:00Z,61000.0000,CALL,0.5535,246.1093
2025-01-04T17:00:00Z,61000.0000,PUT,0.5535,336.4139
2025-01-04T17:00:00Z,62000.0000,CALL,0.5735,258.7865
2025-01-04T17:00:00Z,62000.0000,PUT,0.5735,375.5963
2025-01-04T17:00:00Z,63000.0000,CALL,0.5935,273.1744
2025-01-04T17:00:00Z,63000.0000,PUT,0.5935,348.4062
2025-01-04T18:00:00Z,59000.0000,CALL,0.6231,287.1230
2025-01-04T18:00:00Z,59000.0000,PUT,0.6231,460.4639
2025-01-04T18:00:00Z,60000.0000,CALL,0.6031,220.1880
2025-01-04T18:00:00Z,60000.0000,PUT,0.6031,421.8256
2025-01-04T18:00:00Z,61000.0000,CALL,0.5964,274.3026
2025-01-04T18:00:00Z,61000.0000,PUT,0.5964,341.7586
2025-01-04T18:00:00Z,62000.0000,CALL,0.6164,215.2468
2025-01-04T18:00:00Z,62000.0000,PUT,0.6164,379.9097
2025-01-04T18:00:00Z,63000.0000,CALL,0.6364,223.9214
2025-01-04T18:00:00Z,63000.0000,PUT,0.6364,469.7144
2025-01-04T19:00:00Z,59000.0000,CALL,0.6806,201.8553
2025-01-04T19:00:00Z,59000.0000,PUT,0.6806,376.5622
2025-01-04T19:00:00Z,60000.0000,CALL,0.6606,215.6108
2025-01-04T19:00:00Z,60000.0000,PUT,0.6606,438.8375
2025-01-04T19:00:00Z,61000.0000,CALL,0.6580,292.3399
2025-01-04T19:00:00Z,61000.0000,PUT,0.6580,385.6073
2025-01-04T19:00:00Z,62000.0000,CALL,0.6780,283.9266
2025-01-04T19:00:00Z,62000.0000,PUT,0.6780,438.8011
2025-01-04T19:00:00Z,63000.0000,CALL,0.6980,230.3013
2025-01-04T19:00:00Z,63000.0000,PUT,0.6980,349.4479
2025-01-04T20:00:00Z,59000.0000,CALL,0.7313,258.9162
2025-01-04T20:00:00Z,59000.0000,PUT,0.7313,464.2173
2025-01-04T20:00:00Z,60000.0000,CALL,0.7113,223.7610
2025-01-04T20:00:00Z,60000.0000,PUT,0.7113,476.5073
2025-01-04T20:00:00Z,61000.0000,CALL,0.7074,223.8142
2025-01-04T20:00:00Z,61000.0000,PUT,0.7074,344.9947
2025-01-04T20:00:00Z,62000.0000,CALL,0.7274,219.7466
2025-01-04T20:00:00Z,62000.0000,PUT,0.7274,505.6845
2025-01-04T20:00:00Z,63000.0000,CALL,0.7474,200.6671
2025-01-04T20:00:00Z,63000.0000,PUT,0.7474,388.3823
2025-01-04T21:00:00Z,58000.0000,CALL,0.7573,274.3972
2025-01-04T21:00:00Z,58000.0000,PUT,0.7573,400.3005
2025-01-04T21:00:00Z,59000.0000,CALL,0.7373,244.2887
2025-01-04T21:00:00Z,59000.0000,PUT,0.7373,413.7014
2025-01-04T21:00:00Z,60000.0000,CALL,0.7173,284.2314
2025-01-04T21:00:00Z,60000.0000,PUT,0.7173,438.4426
2025-01-04T21:00:00Z,61000.0000,CALL,0.7227,211.6386
2025-01-04T21:00:00Z,61000.0000,PUT,0.7227,418.9002
2025-01-04T21:00:00Z,62000.0000,CALL,0.7427,287.1243
2025-01-04T21:00:00Z,62000.0000,PUT,0.7427,422.5314
2025-01-04T22:00:00Z,59000.0000,CALL,0.7869,269.2826
2025-01-04T22:00:00Z,59000.0000,PUT,0.7869,388.2564
2025-01-04T22:00:00Z,60000.0000,CALL,0.7669,263.5340
2025-01-04T22:00:00Z,60000.0000,PUT,0.7669,523.7089
2025-01-04T22:00:00Z,61000.0000,CALL,0.7595,245.2610
2025-01-04T22:00:00Z,61000.0000,PUT,0.7595,402.4119
2025-01-04T22:00:00Z,62000.0000,CALL,0.7795,208.7793
2025-01-04T22:00:00Z,62000.0000,PUT,0.7795,472.0093
2025-01-04T22:00:00Z,63000.0000,CALL,0.7995,206.9473
2025-01-04T22:00:00Z,63000.0000,PUT,0.7995,387.9627
2025-01-04T23:00:00Z,59000.0000,CALL,0.8236,205.4964
2025-01-04T23:00:00Z,59000.0000,PUT,0.8236,431.7225
2025-01-04T23:00:00Z,60000.0000,CALL,0.8036,270.0768
2025-01-04T23:00:00Z,60000.0000,PUT,0.8036,428.5362
2025-01-04T23:00:00Z,61000.0000,CALL,0.7977,214.4402
2025-01-04T23:00:00Z,61000.0000,PUT,0.7977,476.5245
2025-01-04T23:00:00Z,62000.0000,CALL,0.8177,257.0171
2025-01-04T23:00:00Z,62000.0000,PUT,0.8177,414.5433
2025-01-04T23:00:00Z,63000.0000,CALL,0.8377,283.7493
2025-01-04T23:00:00Z,63000.0000,PUT,0.8377,512.9125
2025-01-05T00:00:00Z,59000.0000,CALL,0.8360,290.2711
2025-01-05T00:00:00Z,59000.0000,PUT,0.8360,432.0821
2025-01-05T00:00:00Z,60000.0000,CALL,0.8160,254.4823
2025-01-05T00:00:00Z,60000.0000,PUT,0.8160,528.6120
2025-01-05T00:00:00Z,61000.0000,CALL,0.8138,287.9253
2025-01-05T00:00:00Z,61000.0000,PUT,0.8138,527.7836
2025-01-05T00:00:00Z,62000.0000,CALL,0.8338,233.4036
2025-01-05T00:00:00Z,62000.0000,PUT,0.8338,480.0760
2025-01-05T00:00:00Z,63000.0000,CALL,0.8538,250.2634
2025-01-05T00:00:00Z,63000.0000,PUT,0.8538,529.4057
2025-01-05T01:00:00Z,59000.0000,CALL,0.8761,293.3009
2025-01-05T01:00:00Z,59000.0000,PUT,0.8761,406.8479
2025-01-05T01:00:00Z,60000.0000,CALL,0.8561,257.0399
2025-01-05T01:00:00Z,60000.0000,PUT,0.8561,470.5625
2025-01-05T01:00:00Z,61000.0000,CALL,0.8436,209.6773
2025-01-05T01:00:00Z,61000.0000,PUT,0.8436,458.2196
2025-01-05T01:00:00Z,62000.0000,CALL,0.8636,246.4677
2025-01-05T01:00:00Z,62000.0000,PUT,0.8636,408.3865
2025-01-05T01:00:00Z,63000.0000,CALL,0.8836,256.4143
2025-01-05T01:00:00Z,63000.0000,PUT,0.8836,481.3393
2025-01-05T02:00:00Z,59000.0000,CALL,0.8976,263.8328
2025-01-05T02:00:00Z,59000.0000,PUT,0.8976,405.9937
2025-01-05T02:00:00Z,60000.0000,CALL,0.8776,225.1291
2025-01-05T02:00:00Z,60000.0000,PUT,0.8776,382.5996
2025-01-05T02:00:00Z,61000.0000,CALL,0.8613,298.8825
2025-01-05T02:00:00Z,61000.0000,PUT,0.8613,440.9740
2025-01-05T02:00:00Z,62000.0000,CALL,0.8813,202.0289
2025-01-05T02:00:00Z,62000.0000,PUT,0.8813,391.4893
2025-01-05T02:00:00Z,63000.0000,CALL,0.9013,260.7553
2025-01-05T02:00:00Z,63000.0000,PUT,0.9013,539.4972
2025-01-05T03:00:00Z,59000.0000,CALL,0.8900,287.6468
2025-01-05T03:00:00Z,59000.0000,PUT,0.8900,425.8703
2025-01-05T03:00:00Z,60000.0000,CALL,0.8700,250.9966
2025-01-05T03:00:00Z,60000.0000,PUT,0.8700,472.0838
2025-01-05T03:00:00Z,61000.0000,CALL,0.8669,252.2135
2025-01-05T03:00:00Z,61000.0000,PUT,0.8669,405.3193
2025-01-05T03:00:00Z,62000.0000,CALL,0.8869,286.3283
2025-01-05T03:00:00Z,62000.0000,PUT,0.8869,420.1791
2025-01-05T03:00:00Z,63000.0000,CALL,0.9069,278.4398
2025-01-05T03:00:00Z,63000.0000,PUT,0.9069,404.0488
2025-01-05T04:00:00Z,59000.0000,CALL,0.8972,210.0589
2025-01-05T04:00:00Z,59000.0000,PUT,0.8972,379.7643
2025-01-05T04:00:00Z,60000.0000,CALL,0.8772,274.8859
2025-01-05T04:00:00Z,60000.0000,PUT,0.8772,450.1687
2025-01-05T04:00:00Z,61000.0000,CALL,0.8729,246.3914
2025-01-05T04:00:00Z,61000.0000,PUT,0.8729,491.0573
2025-01-05T04:00:00Z,62000.0000,CALL,0.8929,258.7950
2025-01-05T04:00:00Z,62000.0000,PUT,0.8929,449.6895
2025-01-05T04:00:00Z,63000.0000,CALL,0.9129,257.3513
2025-01-05T04:00:00Z,63000.0000,PUT,0.9129,483.8227
2025-01-05T05:00:00Z,59000.0000,CALL,0.8966,211.9978
2025-01-05T05:00:00Z,59000.0000,PUT,0.8966,431.1499
2025-01-05T05:00:00Z,60000.0000,CALL,0.8766,207.7541
2025-01-05T05:00:00Z,60000.0000,PUT,0.8766,403.8454
2025-01-05T05:00:00Z,61000.0000,CALL,0.8748,299.9505
2025-01-05T05:00:00Z,61000.0000,PUT,0.8748,380.8139
2025-01-05T05:00:00Z,62000.0000,CALL,0.8948,267.0718
2025-01-05T05:00:00Z,62000.0000,PUT,0.8948,478.3358
2025-01-05T05:00:00Z,63000.0000,CALL,0.9148,217.6783
2025-01-05T05:00:00Z,63000.0000,PUT,0.9148,460.3161
2025-01-05T06:00:00Z,59000.0000,CALL,0.9099,244.0594
2025-01-05T06:00:00Z,59000.0000,PUT,0.9099,493.0002
2025-01-05T06:00:00Z,60000.0000,CALL,0.8899,278.1844
2025-01-05T06:00:00Z,60000.0000,PUT,0.8899,551.0948
2025-01-05T06:00:00Z,61000.0000,CALL,0.8831,280.2826
2025-01-05T06:00:00Z,61000.0000,PUT,0.8831,414.3492
2025-01-05T06:00:00Z,62000.0000,CALL,0.9031,235.2551
2025-01-05T06:00:00Z,62000.0000,PUT,0.9031,379.3547
2025-01-05T06:00:00Z,63000.0000,CALL,0.9231,254.0224
2025-01-05T06:00:00Z,63000.0000,PUT,0.9231,558.7644
2025-01-05T07:00:00Z,59000.0000,CALL,0.8934,244.7115
2025-01-05T07:00:00Z,59000.0000,PUT,0.8934,502.8641
2025-01-05T07:00:00Z,60000.0000,CALL,0.8734,265.4409
2025-01-05T07:00:00Z,60000.0000,PUT,0.8734,558.0367
2025-01-05T07:00:00Z,61000.0000,CALL,0.8711,270.7672
2025-01-05T07:00:00Z,61000.0000,PUT,0.8711,479.5281
2025-01-05T07:00:00Z,62000.0000,CALL,0.8911,284.2162
2025-01-05T07:00:00Z,62000.0000,PUT,0.8911,393.0397
2025-01-05T07:00:00Z,63000.0000,CALL,0.9111,225.8453
2025-01-05T07:00:00Z,63000.0000,PUT,0.9111,405.7168
2025-01-05T08:00:00Z,59000.0000,CALL,0.9095,213.2789
2025-01-05T08:00:00Z,59000.0000,PUT,0.9095,562.6366
2025-01-05T08:00:00Z,60000.0000,CALL,0.8895,276.5451
2025-01-05T08:00:00Z,60000.0000,PUT,0.8895,444.4512
2025-01-05T08:00:00Z,61000.0000,CALL,0.8840,299.8502
2025-01-05T08:00:00Z,61000.0000,PUT,0.8840,420.7225
2025-01-05T08:00:00Z,62000.0000,CALL,0.9040,269.1766
2025-01-05T08:00:00Z,62000.0000,PUT,0.9040,405.3821
2025-01-05T08:00:00Z,63000.0000,CALL,0.9240,263.9341
2025-01-05T08:00:00Z,63000.0000,PUT,0.9240,531.6446
2025-01-05T09:00:00Z,59000.0000,CALL,0.8827,242.4039
2025-01-05T09:00:00Z,59000.0000,PUT,0.8827,465.6966
2025-01-05T09:00:00Z,60000.0000,CALL,0.8627,226.2473
2025-01-05T09:00:00Z,60000.0000,PUT,0.8627,453.5714
2025-01-05T09:00:00Z,61000.0000,CALL,0.8536,239.5381
2025-01-05T09:00:00Z,61000.0000,PUT,0.8536,425.1839
2025-01-05T09:00:00Z,62000.0000,CALL,0.8736,287.0565
2025-01-05T09:00:00Z,62000.0000,PUT,0.8736,525.4752
2025-01-05T09:00:00Z,63000.0000,CALL,0.8936,296.7980
2025-01-05T09:00:00Z,63000.0000,PUT,0.8936,510.0102
2025-01-05T10:00:00Z,59000.0000,CALL,0.8369,270.9117
2025-01-05T10:00:00Z,59000.0000,PUT,0.8369,514.0870
2025-01-05T10:00:00Z,60000.0000,CALL,0.8169,284.2164
2025-01-05T10:00:00Z,60000.0000,PUT,0.8169,472.4751
2025-01-05T10:00:00Z,61000.0000,CALL,0.8131,243.6178
2025-01-05T10:00:00Z,61000.0000,PUT,0.8131,528.9983
2025-01-05T10:00:00Z,62000.0000,CALL,0.8331,224.3406
2025-01-05T10:00:00Z,62000.0000,PUT,0.8331,518.4516
2025-01-05T10:00:00Z,63000.0000,CALL,0.8531,214.1152
2025-01-05T10:00:00Z,63000.0000,PUT,0.8531,425.3692
2025-01-05T11:00:00Z,59000.0000,CALL,0.8350,284.2460
2025-01-05T11:00:00Z,59000.0000,PUT,0.8350,495.4398
2025-01-05T11:00:00Z,60000.0000,CALL,0.8150,291.9814
2025-01-05T11:00:00Z,60000.0000,PUT,0.8150,361.4854
2025-01-05T11:00:00Z,61000.0000,CALL,0.8055,287.6921
2025-01-05T11:00:00Z,61000.0000,PUT,0.8055,428.9479
2025-01-05T11:00:00Z,62000.0000,CALL,0.8255,200.5427
2025-01-05T11:00:00Z,62000.0000,PUT,0.8255,505.2263
2025-01-05T11:00:00Z,63000.0000,CALL,0.8455,283.0907
2025-01-05T11:00:00Z,63000.0000,PUT,0.8455,502.4932
2025-01-05T12:00:00Z,59000.0000,CALL,0.7825,257.4357
2025-01-05T12:00:00Z,59000.0000,PUT,0.7825,448.6907
2025-01-05T12:00:00Z,60000.0000,CALL,0.7625,263.6533
2025-01-05T12:00:00Z,60000.0000,PUT,0.7625,472.0399
2025-01-05T12:00:00Z,61000.0000,CALL,0.7518,251.4178
2025-01-05T12:00:00Z,61000.0000,PUT,0.7518,435.5746
2025-01-05T12:00:00Z,62000.0000,CALL,0.7718,251.9659
2025-01-05T12:00:00Z,62000.0000,PUT,0.7718,350.7863
2025-01-05T12:00:00Z,63000.0000,CALL,0.7918,245.6069
2025-01-05T12:00:00Z,63000.0000,PUT,0.7918,500.8434
2025-01-05T13:00:00Z,59000.0000,CALL,0.7830,299.5474
2025-01-05T13:00:00Z,59000.0000,PUT,0.7830,398.4894
2025-01-05T13:00:00Z,60000.0000,CALL,0.7630,268.1804
2025-01-05T13:00:00Z,60000.0000,PUT,0.7630,495.0679
2025-01-05T13:00:00Z,61000.0000,CALL,0.7489,259.7541
2025-01-05T13:00:00Z,61000.0000,PUT,0.7489,423.3251
2025-01-05T13:00:00Z,62000.0000,CALL,0.7689,254.7625
2025-01-05T13:00:00Z,62000.0000,PUT,0.7689,436.8770
2025-01-05T13:00:00Z,63000.0000,CALL,0.7889,206.8759
2025-01-05T13:00:00Z,63000.0000,PUT,0.7889,430.7474
2025-01-05T14:00:00Z,59000.0000,CALL,0.7290,253.8896
2025-01-05T14:00:00Z,59000.0000,PUT,0.7290,474.7845
2025-01-05T14:00:00Z,60000.0000,CALL,0.7090,228.3764
2025-01-05T14:00:00Z,60000.0000,PUT,0.7090,360.9463
2025-01-05T14:00:00Z,61000.0000,CALL,0.6930,248.5194
2025-01-05T14:00:00Z,61000.0000,PUT,0.6930,441.4818
2025-01-05T14:00:00Z,62000.0000,CALL,0.7130,277.8767
2025-01-05T14:00:00Z,62000.0000,PUT,0.7130,405.5311
2025-01-05T14:00:00Z,63000.0000,CALL,0.7330,209.1697
2025-01-05T14:00:00Z,63000.0000,PUT,0.7330,424.5553
2025-01-05T15:00:00Z,59000.0000,CALL,0.6961,218.9400
2025-01-05T15:00:00Z,59000.0000,PUT,0.6961,411.5095
2025-01-05T15:00:00Z,60000.0000,CALL,0.6761,282.0932
2025-01-05T15:00:00Z,60000.0000,PUT,0.6761,380.9395
2025-01-05T15:00:00Z,61000.0000,CALL,0.6627,254.6271
2025-01-05T15:00:00Z,61000.0000,PUT,0.6627,344.2205
2025-01-05T15:00:00Z,62000.0000,CALL,0.6827,236.5034
2025-01-05T15:00:00Z,62000.0000,PUT,0.6827,372.9640
2025-01-05T15:00:00Z,63000.0000,CALL,0.7027,266.0681
2025-01-05T15:00:00Z,63000.0000,PUT,0.7027,463.5325
2025-01-05T16:00:00Z,59000.0000,CALL,0.6526,202.9489
2025-01-05T16:00:00Z,59000.0000,PUT,0.6526,358.8032
2025-01-05T16:00:00Z,60000.0000,CALL,0.6326,289.6004
2025-01-05T16:00:00Z,60000.0000,PUT,0.6326,413.8621
2025-01-05T16:00:00Z,61000.0000,CALL,0.6184,290.9447
2025-01-05T16:00:00Z,61000.0000,PUT,0.6184,347.1411
2025-01-05T16:00:00Z,62000.0000,CALL,0.6384,267.1820
2025-01-05T16:00:00Z,62000.0000,PUT,0.6384,356.5301
2025-01-05T16:00:00Z,63000.0000,CALL,0.6584,221.9902
2025-01-05T16:00:00Z,63000.0000,PUT,0.6584,448.3323
2025-01-05T17:00:00Z,59000.0000,CALL,0.6183,261.3360
2025-01-05T17:00:00Z,59000.0000,PUT,0.6183,357.6943
2025-01-05T17:00:00Z,60000.0000,CALL,0.5983,263.6297
2025-01-05T17:00:00Z,60000.0000,PUT,0.5983,402.2900
2025-01-05T17:00:00Z,61000.0000,CALL,0.5825,285.6495
2025-01-05T17:00:00Z,61000.0000,PUT,0.5825,457.1821
2025-01-05T17:00:00Z,62000.0000,CALL,0.6025,210.3853
2025-01-05T17:00:00Z,62000.0000,PUT,0.6025,327.6975
2025-01-05T17:00:00Z,63000.0000,CALL,0.6225,258.2611
2025-01-05T17:00:00Z,63000.0000,PUT,0.6225,360.3721
2025-01-05T18:00:00Z,59000.0000,CALL,0.5691,252.8590
2025-01-05T18:00:00Z,59000.0000,PUT,0.5691,385.3717
2025-01-05T18:00:00Z,60000.0000,CALL,0.5491,283.0716
2025-01-05T18:00:00Z,60000.0000,PUT,0.5491,357.0976
2025-01-05T18:00:00Z,61000.0000,CALL,0.5293,254.8393
2025-01-05T18:00:00Z,61000.0000,PUT,0.5293,329.6048
2025-01-05T18:00:00Z,62000.0000,CALL,0.5493,221.4934
2025-01-05T18:00:00Z,62000.0000,PUT,0.5493,386.4981
2025-01-05T18:00:00Z,63000.0000,CALL,0.5693,288.1382
2025-01-05T18:00:00Z,63000.0000,PUT,0.5693,451.4108
2025-01-05T19:00:00Z,59000.0000,CALL,0.5524,277.6801
2025-01-05T19:00:00Z,59000.0000,PUT,0.5524,388.1271
2025-01-05T19:00:00Z,60000.0000,CALL,0.5324,201.6310
2025-01-05T19:00:00Z,60000.0000,PUT,0.5324,434.9523
2025-01-05T19:00:00Z,61000.0000,CALL,0.5166,290.1562
2025-01-05T19:00:00Z,61000.0000,PUT,0.5166,380.0228
2025-01-05T19:00:00Z,62000.0000,CALL,0.5366,268.0803
2025-01-05T19:00:00Z,62000.0000,PUT,0.5366,318.0093
2025-01-05T19:00:00Z,63000.0000,CALL,0.5566,260.0503
2025-01-05T19:00:00Z,63000.0000,PUT,0.5566,309.0516
2025-01-05T20:00:00Z,59000.0000,CALL,0.5093,251.8230
2025-01-05T20:00:00Z,59000.0000,PUT,0.5093,295.9603
2025-01-05T20:00:00Z,60000.0000,CALL,0.4893,253.5132
2025-01-05T20:00:00Z,60000.0000,PUT,0.4893,434.2146
2025-01-05T20:00:00Z,61000.0000,CALL,0.4693,209.6099
2025-01-05T20:00:00Z,61000.0000,PUT,0.4693,314.3477
2025-01-05T20:00:00Z,62000.0000,CALL,0.4887,219.2684
2025-01-05T20:00:00Z,62000.0000,PUT,0.4887,398.3179
2025-01-05T20:00:00Z,63000.0000,CALL,0.5087,209.5805
2025-01-05T20:00:00Z,63000.0000,PUT,0.5087,355.6853
2025-01-05T21:00:00Z,59000.0000,CALL,0.4446,273.3820
2025-01-05T21:00:00Z,59000.0000,PUT,0.4446,337.2038
2025-01-05T21:00:00Z,60000.0000,CALL,0.4246,264.6122
2025-01-05T21:00:00Z,60000.0000,PUT,0.4246,381.4610
2025-01-05T21:00:00Z,61000.0000,CALL,0.4100,227.6557
2025-01-05T21:00:00Z,61000.0000,PUT,0.4100,341.7129
2025-01-05T21:00:00Z,62000.0000,CALL,0.4300,251.2886
2025-01-05T21:00:00Z,62000.0000,PUT,0.4300,294.7059
2025-01-05T21:00:00Z,63000.0000,CALL,0.4500,237.2611
2025-01-05T21:00:00Z,63000.0000,PUT,0.4500,348.4220
2025-01-05T22:00:00Z,59000.0000,CALL,0.4365,243.7294
2025-01-05T22:00:00Z,59000.0000,PUT,0.4365,415.1353
2025-01-05T22:00:00Z,60000.0000,CALL,0.4165,223.3187
2025-01-05T22:00:00Z,60000.0000,PUT,0.4165,361.1742
2025-01-05T22:00:00Z,61000.0000,CALL,0.4069,203.5450
2025-01-05T22:00:00Z,61000.0000,PUT,0.4069,377.5252
2025-01-05T22:00:00Z,62000.0000,CALL,0.4269,201.8828
2025-01-05T22:00:00Z,62000.0000,PUT,0.4269,364.5644
2025-01-05T22:00:00Z,63000.0000,CALL,0.4469,217.5808
2025-01-05T22:00:00Z,63000.0000,PUT,0.4469,337.2016
2025-01-05T23:00:00Z,59000.0000,CALL,0.4097,250.8077
2025-01-05T23:00:00Z,59000.0000,PUT,0.4097,277.0634
2025-01-05T23:00:00Z,60000.0000,CALL,0.3897,233.5438
2025-01-05T23:00:00Z,60000.0000,PUT,0.3897,384.9154
2025-01-05T23:00:00Z,61000.0000,CALL,0.3757,204.6707
2025-01-05T23:00:00Z,61000.0000,PUT,0.3757,401.3661
2025-01-05T23:00:00Z,62000.0000,CALL,0.3957,203.6275
2025-01-05T23:00:00Z,62000.0000,PUT,0.3957,393.6567
2025-01-05T23:00:00Z,63000.0000,CALL,0.4157,283.4712
2025-01-05T23:00:00Z,63000.0000,PUT,0.4157,287.7853
2025-01-06T00:00:00Z,59000.0000,CALL,0.3957,221.6888
2025-01-06T00:00:00Z,59000.0000,PUT,0.3957,320.5723
2025-01-06T00:00:00Z,60000.0000,CALL,0.3757,213.6909
2025-01-06T00:00:00Z,60000.0000,PUT,0.3757,369.8942
2025-01-06T00:00:00Z,61000.0000,CALL,0.3719,216.7751
2025-01-06T00:00:00Z,61000.0000,PUT,0.3719,286.9630
2025-01-06T00:00:00Z,62000.0000,CALL,0.3919,254.2240
2025-01-06T00:00:00Z,62000.0000,PUT,0.3919,373.3441
2025-01-06T00:00:00Z,63000.0000,CALL,0.4119,269.4162
2025-01-06T00:00:00Z,63000.0000,PUT,0.4119,368.7427
2025-01-06T01:00:00Z,59000.0000,CALL,0.3738,201.0464
2025-01-06T01:00:00Z,59000.0000,PUT,0.3738,299.3263
2025-01-06T01:00:00Z,60000.0000,CALL,0.3538,262.0569
2025-01-06T01:00:00Z,60000.0000,PUT,0.3538,314.9369
2025-01-06T01:00:00Z,61000.0000,CALL,0.3481,248.5776
2025-01-06T01:00:00Z,61000.0000,PUT,0.3481,318.0039
2025-01-06T01:00:00Z,62000.0000,CALL,0.3681,217.0911
2025-01-06T01:00:00Z,62000.0000,PUT,0.3681,399.7834
2025-01-06T01:00:00Z,63000.0000,CALL,0.3881,285.0051
2025-01-06T01:00:00Z,63000.0000,PUT,0.3881,296.0829
2025-01-06T02:00:00Z,59000.0000,CALL,0.3496,238.7884
2025-01-06T02:00:00Z,59000.0000,PUT,0.3496,291.5801
2025-01-06T02:00:00Z,60000.0000,CALL,0.3296,266.4809
2025-01-06T02:00:00Z,60000.0000,PUT,0.3296,327.5643
2025-01-06T02:00:00Z,61000.0000,CALL,0.3177,277.7804
2025-01-06T02:00:00Z,61000.0000,PUT,0.3177,380.5967
2025-01-06T02:00:00Z,62000.0000,CALL,0.3377,264.6310
2025-01-06T02:00:00Z,62000.0000,PUT,0.3377,286.3947
2025-01-06T02:00:00Z,63000.0000,CALL,0.3577,223.0857
2025-01-06T02:00:00Z,63000.0000,PUT,0.3577,313.6305
2025-01-06T03:00:00Z,59000.0000,CALL,0.3561,272.6987
2025-01-06T03:00:00Z,59000.0000,PUT,0.3561,325.1539
2025-01-06T03:00:00Z,60000.0000,CALL,0.3361,290.5839
2025-01-06T03:00:00Z,60000.0000,PUT,0.3361,324.8456
2025-01-06T03:00:00Z,61000.0000,CALL,0.3204,216.3537
2025-01-06T03:00:00Z,61000.0000,PUT,0.3204,374.2328
2025-01-06T03:00:00Z,62000.0000,CALL,0.3404,205.0507
2025-01-06T03:00:00Z,62000.0000,PUT,0.3404,388.3813
2025-01-06T03:00:00Z,63000.0000,CALL,0.3604,225.8729
2025-01-06T03:00:00Z,63000.0000,PUT,0.3604,304.4195
2025-01-06T04:00:00Z,59000.0000,CALL,0.3513,217.3023
2025-01-06T04:00:00Z,59000.0000,PUT,0.3513,382.8899
2025-01-06T04:00:00Z,60000.0000,CALL,0.3313,280.3640
2025-01-06T04:00:00Z,60000.0000,PUT,0.3313,344.9198
2025-01-06T04:00:00Z,61000.0000,CALL,0.3207,239.3128
2025-01-06T04:00:00Z,61000.0000,PUT,0.3207,364.8954
2025-01-06T04:00:00Z,62000.0000,CALL,0.3407,231.2859
2025-01-06T04:00:00Z,62000.0000,PUT,0.3407,295.2329
2025-01-06T04:00:00Z,63000.0000,CALL,0.3607,261.6873
2025-01-06T04:00:00Z,63000.0000,PUT,0.3607,359.3966
2025-01-06T05:00:00Z,59000.0000,CALL,0.3639,232.8076
2025-01-06T05:00:00Z,59000.0000,PUT,0.3639,307.6550
2025-01-06T05:00:00Z,60000.0000,CALL,0.3439,237.0597
2025-01-06T05:00:00Z,60000.0000,PUT,0.3439,265.8034
2025-01-06T05:00:00Z,61000.0000,CALL,0.3330,268.4367
2025-01-06T05:00:00Z,61000.0000,PUT,0.3330,375.7412
2025-01-06T05:00:00Z,62000.0000,CALL,0.3530,262.2213
2025-01-06T05:00:00Z,62000.0000,PUT,0.3530,305.3341
2025-01-06T05:00:00Z,63000.0000,CALL,0.3730,203.0824
2025-01-06T05:00:00Z,63000.0000,PUT,0.3730,307.4115
2025-01-06T06:00:00Z,59000.0000,CALL,0.3785,225.9838
2025-01-06T06:00:00Z,59000.0000,PUT,0.3785,387.3466
2025-01-06T06:00:00Z,60000.0000,CALL,0.3585,245.8614
2025-01-06T06:00:00Z,60000.0000,PUT,0.3585,387.5259
2025-01-06T06:00:00Z,61000.0000,CALL,0.3427,230.5539
2025-01-06T06:00:00Z,61000.0000,PUT,0.3427,301.5266
2025-01-06T06:00:00Z,62000.0000,CALL,0.3627,217.6991
2025-01-06T06:00:00Z,62000.0000,PUT,0.3627,269.5475
2025-01-06T06:00:00Z,63000.0000,CALL,0.3827,262.1444
2025-01-06T06:00:00Z,63000.0000,PUT,0.3827,302.1363
2025-01-06T07:00:00Z,59000.0000,CALL,0.3860,276.3029
2025-01-06T07:00:00Z,59000.0000,PUT,0.3860,402.3833
2025-01-06T07:00:00Z,60000.0000,CALL,0.3660,218.5803
2025-01-06T07:00:00Z,60000.0000,PUT,0.3660,368.4881
2025-01-06T07:00:00Z,61000.0000,CALL,0.3516,239.6402
2025-01-06T07:00:00Z,61000.0000,PUT,0.3516,394.0726
2025-01-06T07:00:00Z,62000.0000,CALL,0.3716,263.3940
2025-01-06T07:00:00Z,62000.0000,PUT,0.3716,317.7274
2025-01-06T07:00:00Z,63000.0000,CALL,0.3916,218.7618
2025-01-06T07:00:00Z,63000.0000,PUT,0.3916,378.1226
2025-01-06T08:00:00Z,59000.0000,CALL,0.4192,214.1126
2025-01-06T08:00:00Z,59000.0000,PUT,0.4192,411.8572
2025-01-06T08:00:00Z,60000.0000,CALL,0.3992,221.1353
2025-01-06T08:00:00Z,60000.0000,PUT,0.3992,359.3468
2025-01-06T08:00:00Z,61000.0000,CALL,0.3800,299.1382
2025-01-06T08:00:00Z,61000.0000,PUT,0.3800,313.3244
2025-01-06T08:00:00Z,62000.0000,CALL,0.4000,293.6736
2025-01-06T08:00:00Z,62000.0000,PUT,0.4000,398.4630
2025-01-06T08:00:00Z,63000.0000,CALL,0.4200,223.6836
2025-01-06T08:00:00Z,63000.0000,PUT,0.4200,303.4271
2025-01-06T09:00:00Z,59000.0000,CALL,0.4347,249.1367
2025-01-06T09:00:00Z,59000.0000,PUT,0.4347,302.4744
2025-01-06T09:00:00Z,60000.0000,CALL,0.4147,272.6214
2025-01-06T09:00:00Z,60000.0000,PUT,0.4147,357.2411
2025-01-06T09:00:00Z,61000.0000,CALL,0.3948,255.1857
2025-01-06T09:00:00Z,61000.0000,PUT,0.3948,300.4390
2025-01-06T09:00:00Z,62000.0000,CALL,0.4148,282.6126
2025-01-06T09:00:00Z,62000.0000,PUT,0.4148,337.9279
2025-01-06T09:00:00Z,63000.0000,CALL,0.4348,224.8545
2025-01-06T09:00:00Z,63000.0000,PUT,0.4348,309.9151
2025-01-06T10:00:00Z,59000.0000,CALL,0.4528,270.8918
2025-01-06T10:00:00Z,59000.0000,PUT,0.4528,405.3672
2025-01-06T10:00:00Z,60000.0000,CALL,0.4328,268.6330
2025-01-06T10:00:00Z,60000.0000,PUT,0.4328,295.8997
2025-01-06T10:00:00Z,61000.0000,CALL,0.4158,279.2446
2025-01-06T10:00:00Z,61000.0000,PUT,0.4158,390.8646
2025-01-06T10:00:00Z,62000.0000,CALL,0.4358,256.2844
2025-01-06T10:00:00Z,62000.0000,PUT,0.4358,408.9886
2025-01-06T10:00:00Z,63000.0000,CALL,0.4558,282.1573
2025-01-06T10:00:00Z,63000.0000,PUT,0.4558,333.6853
2025-01-06T11:00:00Z,59000.0000,CALL,0.4757,265.0733
2025-01-06T11:00:00Z,59000.0000,PUT,0.4757,290.4563
2025-01-06T11:00:00Z,60000.0000,CALL,0.4557,208.1472
2025-01-06T11:00:00Z,60000.0000,PUT,0.4557,328.8955
2025-01-06T11:00:00Z,61000.0000,CALL,0.4469,291.9414
2025-01-06T11:00:00Z,61000.0000,PUT,0.4469,389.3934
2025-01-06T11:00:00Z,62000.0000,CALL,0.4669,251.7191
2025-01-06T11:00:00Z,62000.0000,PUT,0.4669,405.9148
2025-01-06T11:00:00Z,63000.0000,CALL,0.4869,244.1811
2025-01-06T11:00:00Z,63000.0000,PUT,0.4869,419.8288
2025-01-06T12:00:00Z,59000.0000,CALL,0.5110,298.0259
2025-01-06T12:00:00Z,59000.0000,PUT,0.5110,390.7526
2025-01-06T12:00:00Z,60000.0000,CALL,0.4910,299.1605
2025-01-06T12:00:00Z,60000.0000,PUT,0.4910,311.1468
2025-01-06T12:00:00Z,61000.0000,CALL,0.4793,256.2433
2025-01-06T12:00:00Z,61000.0000,PUT,0.4793,379.5271
2025-01-06T12:00:00Z,62000.0000,CALL,0.4993,235.2431
2025-01-06T12:00:00Z,62000.0000,PUT,0.4993,353.0846
2025-01-06T12:00:00Z,63000.0000,CALL,0.5193,224.5078
2025-01-06T12:00:00Z,63000.0000,PUT,0.5193,401.9667
2025-01-06T13:00:00Z,59000.0000,CALL,0.5631,287.8012
2025-01-06T13:00:00Z,59000.0000,PUT,0.5631,422.7870
2025-01-06T13:00:00Z,60000.0000,CALL,0.5431,264.2208
2025-01-06T13:00:00Z,60000.0000,PUT,0.5431,352.4587
2025-01-06T13:00:00Z,61000.0000,CALL,0.5328,235.7230
2025-01-06T13:00:00Z,61000.0000,PUT,0.5328,353.6956
2025-01-06T13:00:00Z,62000.0000,CALL,0.5528,232.0849
2025-01-06T13:00:00Z,62000.0000,PUT,0.5528,359.3086
2025-01-06T13:00:00Z,63000.0000,CALL,0.5728,224.4774
2025-01-06T13:00:00Z,63000.0000,PUT,0.5728,338.6207
2025-01-06T14:00:00Z,59000.0000,CALL,0.5834,244.7132
2025-01-06T14:00:00Z,59000.0000,PUT,0.5834,376.5242
2025-01-06T14:00:00Z,60000.0000,CALL,0.5634,264.6402
2025-01-06T14:00:00Z,60000.0000,PUT,0.5634,419.1242
2025-01-06T14:00:00Z,61000.0000,CALL,0.5525,274.9679
2025-01-06T14:00:00Z,61000.0000,PUT,0.5525,401.1170
2025-01-06T14:00:00Z,62000.0000,CALL,0.5725,208.3243
2025-01-06T14:00:00Z,62000.0000,PUT,0.5725,401.3157
2025-01-06T14:00:00Z,63000.0000,CALL,0.5925,248.7971
2025-01-06T14:00:00Z,63000.0000,PUT,0.5925,433.3286
2025-01-06T15:00:00Z,59000.0000,CALL,0.6336,227.0242
2025-01-06T15:00:00Z,59000.0000,PUT,0.6336,428.5306
2025-01-06T15:00:00Z,60000.0000,CALL,0.6136,291.3225
2025-01-06T15:00:00Z,60000.0000,PUT,0.6136,392.0749
2025-01-06T15:00:00Z,61000.0000,CALL,0.6056,205.7079
2025-01-06T15:00:00Z,61000.0000,PUT,0.6056,385.7227
2025-01-06T15:00:00Z,62000.0000,CALL,0.6256,266.9720
2025-01-06T15:00:00Z,62000.0000,PUT,0.6256,411.5068
2025-01-06T15:00:00Z,63000.0000,CALL,0.6456,217.4040
2025-01-06T15:00:00Z,63000.0000,PUT,0.6456,426.1824
2025-01-06T16:00:00Z,59000.0000,CALL,0.6677,247.8082
2025-01-06T16:00:00Z,59000.0000,PUT,0.6677,486.9075
2025-01-06T16:00:00Z,60000.0000,CALL,0.6477,227.4111
2025-01-06T16:00:00Z,60000.0000,PUT,0.6477,468.5779
2025-01-06T16:00:00Z,61000.0000,CALL,0.6442,262.7161
2025-01-06T16:00:00Z,61000.0000,PUT,0.6442,347.0531
2025-01-06T16:00:00Z,62000.0000,CALL,0.6642,296.4253
2025-01-06T16:00:00Z,62000.0000,PUT,0.6642,420.8465
2025-01-06T16:00:00Z,63000.0000,CALL,0.6842,294.3041
2025-01-06T16:00:00Z,63000.0000,PUT,0.6842,480.1201
2025-01-06T17:00:00Z,59000.0000,CALL,0.7046,221.1519
2025-01-06T17:00:00Z,59000.0000,PUT,0.7046,474.4995
2025-01-06T17:00:00Z,60000.0000,CALL,0.6846,283.0037
2025-01-06T17:00:00Z,60000.0000,PUT,0.6846,494.1541
2025-01-06T17:00:00Z,61000.0000,CALL,0.6841,254.6788
2025-01-06T17:00:00Z,61000.0000,PUT,0.6841,397.5556
2025-01-06T17:00:00Z,62000.0000,CALL,0.7041,260.4366
2025-01-06T17:00:00Z,62000.0000,PUT,0.7041,338.3198
2025-01-06T17:00:00Z,63000.0000,CALL,0.7241,252.6847
2025-01-06T17:00:00Z,63000.0000,PUT,0.7241,390.5162
2025-01-06T18:00:00Z,59000.0000,CALL,0.7253,289.1078
2025-01-06T18:00:00Z,59000.0000,PUT,0.7253,407.0858
2025-01-06T18:00:00Z,60000.0000,CALL,0.7053,298.8920
2025-01-06T18:00:00Z,60000.0000,PUT,0.7053,393.2439
2025-01-06T18:00:00Z,61000.0000,CALL,0.7043,296.3535
2025-01-06T18:00:00Z,61000.0000,PUT,0.7043,377.1485
2025-01-06T18:00:00Z,62000.0000,CALL,0.7243,209.2977
2025-01-06T18:00:00Z,62000.0000,PUT,0.7243,493.8214
2025-01-06T18:00:00Z,63000.0000,CALL,0.7443,275.7830
2025-01-06T18:00:00Z,63000.0000,PUT,0.7443,474.4663
2025-01-06T19:00:00Z,59000.0000,CALL,0.7809,283.6838
2025-01-06T19:00:00Z,59000.0000,PUT,0.7809,452.9413
2025-01-06T19:00:00Z,60000.0000,CALL,0.7609,288.2102
2025-01-06T19:00:00Z,60000.0000,PUT,0.7609,436.6905
2025-01-06T19:00:00Z,61000.0000,CALL,0.7568,264.0172
2025-01-06T19:00:00Z,61000.0000,PUT,0.7568,523.9060
2025-01-06T19:00:00Z,62000.0000,CALL,0.7768,291.1713
2025-01-06T19:00:00Z,62000.0000,PUT,0.7768,470.9694
2025-01-06T19:00:00Z,63000.0000,CALL,0.7968,216.2330
2025-01-06T19:00:00Z,63000.0000,PUT,0.7968,474.5174
2025-01-06T20:00:00Z,59000.0000,CALL,0.8182,285.5778
2025-01-06T20:00:00Z,59000.0000,PUT,0.8182,410.4666
2025-01-06T20:00:00Z,60000.0000,CALL,0.7982,200.8210
2025-01-06T20:00:00Z,60000.0000,PUT,0.7982,413.7829
2025-01-06T20:00:00Z,61000.0000,CALL,0.7886,270.1052
2025-01-06T20:00:00Z,61000.0000,PUT,0.7886,399.9073
2025-01-06T20:00:00Z,62000.0000,CALL,0.8086,219.1545
2025-01-06T20:00:00Z,62000.0000,PUT,0.8086,421.0864
2025-01-06T20:00:00Z,63000.0000,CALL,0.8286,227.9290
2025-01-06T20:00:00Z,63000.0000,PUT,0.8286,493.6585
2025-01-06T21:00:00Z,59000.0000,CALL,0.8364,238.4738
2025-01-06T21:00:00Z,59000.0000,PUT,0.8364,500.6239
2025-01-06T21:00:00Z,60000.0000,CALL,0.8164,238.4651
2025-01-06T21:00:00Z,60000.0000,PUT,0.8164,466.8192
2025-01-06T21:00:00Z,61000.0000,CALL,0.8132,221.6760
2025-01-06T21:00:00Z,61000.0000,PUT,0.8132,458.7381
2025-01-06T21:00:00Z,62000.0000,CALL,0.8332,232.8108
2025-01-06T21:00:00Z,62000.0000,PUT,0.8332,512.2696
2025-01-06T21:00:00Z,63000.0000,CALL,0.8532,209.1632
2025-01-06T21:00:00Z,63000.0000,PUT,0.8532,472.3006
2025-01-06T22:00:00Z,59000.0000,CALL,0.8729,281.0702
2025-01-06T22:00:00Z,59000.0000,PUT,0.8729,461.2153
2025-01-06T22:00:00Z,60000.0000,CALL,0.8529,202.9113
2025-01-06T22:00:00Z,60000.0000,PUT,0.8529,432.8247
2025-01-06T22:00:00Z,61000.0000,CALL,0.8505,243.0863
2025-01-06T22:00:00Z,61000.0000,PUT,0.8505,442.5331
2025-01-06T22:00:00Z,62000.0000,CALL,0.8705,232.9941
2025-01-06T22:00:00Z,62000.0000,PUT,0.8705,474.3529
2025-01-06T22:00:00Z,63000.0000,CALL,0.8905,252.0947
2025-01-06T22:00:00Z,63000.0000,PUT,0.8905,478.1027
2025-01-06T23:00:00Z,58000.0000,CALL,0.9007,259.4162
2025-01-06T23:00:00Z,58000.0000,PUT,0.9007,438.7506
2025-01-06T23:00:00Z,59000.0000,CALL,0.8807,288.3855
2025-01-06T23:00:00Z,59000.0000,PUT,0.8807,511.5987
2025-01-06T23:00:00Z,60000.0000,CALL,0.8607,207.0903
2025-01-06T23:00:00Z,60000.0000,PUT,0.8607,491.6484
2025-01-06T23:00:00Z,61000.0000,CALL,0.8625,268.0942
2025-01-06T23:00:00Z,61000.0000,PUT,0.8625,469.5823
2025-01-06T23:00:00Z,62000.0000,CALL,0.8825,219.7209
2025-01-06T23:00:00Z,62000.0000,PUT,0.8825,396.3506
2025-01-07T00:00:00Z,58000.0000,CALL,0.9126,274.9862
2025-01-07T00:00:00Z,58000.0000,PUT,0.9126,376.8983
2025-01-07T00:00:00Z,59000.0000,CALL,0.8926,273.4580
2025-01-07T00:00:00Z,59000.0000,PUT,0.8926,376.6698
2025-01-07T00:00:00Z,60000.0000,CALL,0.8726,245.6539
2025-01-07T00:00:00Z,60000.0000,PUT,0.8726,494.7651
2025-01-07T00:00:00Z,61000.0000,CALL,0.8728,267.3730
2025-01-07T00:00:00Z,61000.0000,PUT,0.8728,418.6822
2025-01-07T00:00:00Z,62000.0000,CALL,0.8928,241.8748
2025-01-07T00:00:00Z,62000.0000,PUT,0.8928,503.3828
2025-01-07T01:00:00Z,58000.0000,CALL,0.9179,272.3655
2025-01-07T01:00:00Z,58000.0000,PUT,0.9179,532.5255
2025-01-07T01:00:00Z,59000.0000,CALL,0.8979,295.1450
2025-01-07T01:00:00Z,59000.0000,PUT,0.8979,449.9571
2025-01-07T01:00:00Z,60000.0000,CALL,0.8779,270.5585
2025-01-07T01:00:00Z,60000.0000,PUT,0.8779,559.7009
2025-01-07T01:00:00Z,61000.0000,CALL,0.8804,285.0577
2025-01-07T01:00:00Z,61000.0000,PUT,0.8804,433.0839
2025-01-07T01:00:00Z,62000.0000,CALL,0.9004,293.4516
2025-01-07T01:00:00Z,62000.0000,PUT,0.9004,416.1051
2025-01-07T02:00:00Z,58000.0000,CALL,0.9184,268.0658
2025-01-07T02:00:00Z,58000.0000,PUT,0.9184,484.8141
2025-01-07T02:00:00Z,59000.0000,CALL,0.8984,268.4232
2025-01-07T02:00:00Z,59000.0000,PUT,0.8984,503.7210
2025-01-07T02:00:00Z,60000.0000,CALL,0.8784,205.9531
2025-01-07T02:00:00Z,60000.0000,PUT,0.8784,457.4374
2025-01-07T02:00:00Z,61000.0000,CALL,0.8805,260.9019
2025-01-07T02:00:00Z,61000.0000,PUT,0.8805,506.1213
2025-01-07T02:00:00Z,62000.0000,CALL,0.9005,286.7527
2025-01-07T02:00:00Z,62000.0000,PUT,0.9005,398.5085
2025-01-07T03:00:00Z,59000.0000,CALL,0.9132,287.2861
2025-01-07T03:00:00Z,59000.0000,PUT,0.9132,510.6785
2025-01-07T03:00:00Z,60000.0000,CALL,0.8932,266.0497
2025-01-07T03:00:00Z,60000.0000,PUT,0.8932,378.6763
2025-01-07T03:00:00Z,61000.0000,CALL,0.8925,247.8263
2025-01-07T03:00:00Z,61000.0000,PUT,0.8925,467.1758
2025-01-07T03:00:00Z,62000.0000,CALL,0.9125,255.9822
2025-01-07T03:00:00Z,62000.0000,PUT,0.9125,382.4170
2025-01-07T03:00:00Z,63000.0000,CALL,0.9325,220.8829
2025-01-07T03:00:00Z,63000.0000,PUT,0.9325,457.2228
2025-01-07T04:00:00Z,59000.0000,CALL,0.8956,268.0668
2025-01-07T04:00:00Z,59000.0000,PUT,0.8956,428.8487
2025-01-07T04:00:00Z,60000.0000,CALL,0.8756,228.2432
2025-01-07T04:00:00Z,60000.0000,PUT,0.8756,455.1645
2025-01-07T04:00:00Z,61000.0000,CALL,0.8744,225.4460
2025-01-07T04:00:00Z,61000.0000,PUT,0.8744,508.9089
2025-01-07T04:00:00Z,62000.0000,CALL,0.8944,249.4218
2025-01-07T04:00:00Z,62000.0000,PUT,0.8944,424.8168
2025-01-07T04:00:00Z,63000.0000,CALL,0.9144,205.5903
2025-01-07T04:00:00Z,63000.0000,PUT,0.9144,449.7386
2025-01-07T05:00:00Z,58000.0000,CALL,0.9054,208.0051
2025-01-07T05:00:00Z,58000.0000,PUT,0.9054,373.3656
2025-01-07T05:00:00Z,59000.0000,CALL,0.8854,236.3860
2025-01-07T05:00:00Z,59000.0000,PUT,0.8854,550.3335
2025-01-07T05:00:00Z,60000.0000,CALL,0.8654,275.4964
2025-01-07T05:00:00Z,60000.0000,PUT,0.8654,426.9378
2025-01-07T05:00:00Z,61000.0000,CALL,0.8684,294.1827
2025-01-07T05:00:00Z,61000.0000,PUT,0.8684,438.9542
2025-01-07T05:00:00Z,62000.0000,CALL,0.8884,294.4068
2025-01-07T05:00:00Z,62000.0000,PUT,0.8884,553.6497
2025-01-07T06:00:00Z,58000.0000,CALL,0.8889,286.0184
2025-01-07T06:00:00Z,58000.0000,PUT,0.8889,402.9118
2025-01-07T06:00:00Z,59000.0000,CALL,0.8689,279.9334
2025-01-07T06:00:00Z,59000.0000,PUT,0.8689,440.7051
2025-01-07T06:00:00Z,60000.0000,CALL,0.8489,269.6957
2025-01-07T06:00:00Z,60000.0000,PUT,0.8489,379.0076
2025-01-07T06:00:00Z,61000.0000,CALL,0.8543,296.3218
2025-01-07T06:00:00Z,61000.0000,PUT,0.8543,400.0606
2025-01-07T06:00:00Z,62000.0000,CALL,0.8743,264.3263
2025-01-07T06:00:00Z,62000.0000,PUT,0.8743,518.7164
2025-01-07T07:00:00Z,59000.0000,CALL,0.8656,296.5954
2025-01-07T07:00:00Z,59000.0000,PUT,0.8656,542.6042
2025-01-07T07:00:00Z,60000.0000,CALL,0.8456,212.2058
2025-01-07T07:00:00Z,60000.0000,PUT,0.8456,390.5003
2025-01-07T07:00:00Z,61000.0000,CALL,0.8451,265.2858
2025-01-07T07:00:00Z,61000.0000,PUT,0.8451,525.1116
2025-01-07T07:00:00Z,62000.0000,CALL,0.8651,239.5201
2025-01-07T07:00:00Z,62000.0000,PUT,0.8651,498.5903
2025-01-07T07:00:00Z,63000.0000,CALL,0.8851,249.2340
2025-01-07T07:00:00Z,63000.0000,PUT,0.8851,528.0022
2025-01-07T08:00:00Z,58000.0000,CALL,0.8618,239.3384
2025-01-07T08:00:00Z,58000.0000,PUT,0.8618,512.8309
2025-01-07T08:00:00Z,59000.0000,CALL,0.8418,253.5551
2025-01-07T08:00:00Z,59000.0000,PUT,0.8418,496.0463
2025-01-07T08:00:00Z,60000.0000,CALL,0.8218,297.0642
2025-01-07T08:00:00Z,60000.0000,PUT,0.8218,450.7718
2025-01-07T08:00:00Z,61000.0000,CALL,0.8229,264.5018
2025-01-07T08:00:00Z,61000.0000,PUT,0.8229,453.4407
2025-01-07T08:00:00Z,62000.0000,CALL,0.8429,263.6747
2025-01-07T08:00:00Z,62000.0000,PUT,0.8429,447.8546
2025-01-07T09:00:00Z,58000.0000,CALL,0.8149,241.7726
2025-01-07T09:00:00Z,58000.0000,PUT,0.8149,396.6604
2025-01-07T09:00:00Z,59000.0000,CALL,0.7949,291.0205
2025-01-07T09:00:00Z,59000.0000,PUT,0.7949,364.4788
2025-01-07T09:00:00Z,60000.0000,CALL,0.7749,232.0437
2025-01-07T09:00:00Z,60000.0000,PUT,0.7749,361.5173
2025-01-07T09:00:00Z,61000.0000,CALL,0.7761,221.5262
2025-01-07T09:00:00Z,61000.0000,PUT,0.7761,428.8521
2025-01-07T09:00:00Z,62000.0000,CALL,0.7961,206.6919
2025-01-07T09:00:00Z,62000.0000,PUT,0.7961,488.7213
2025-01-07T10:00:00Z,58000.0000,CALL,0.7595,289.0940
2025-01-07T10:00:00Z,58000.0000,PUT,0.7595,458.4492
2025-01-07T10:00:00Z,59000.0000,CALL,0.7395,291.6172
2025-01-07T10:00:00Z,59000.0000,PUT,0.7395,409.6086
2025-01-07T10:00:00Z,60000.0000,CALL,0.7195,214.7269
2025-01-07T10:00:00Z,60000.0000,PUT,0.7195,505.3462
2025-01-07T10:00:00Z,61000.0000,CALL,0.7241,229.9465
2025-01-07T10:00:00Z,61000.0000,PUT,0.7241,363.0539
2025-01-07T10:00:00Z,62000.0000,CALL,0.7441,209.8466
2025-01-07T10:00:00Z,62000.0000,PUT,0.7441,367.9945
2025-01-07T11:00:00Z,59000.0000,CALL,0.7405,213.6898
2025-01-07T11:00:00Z,59000.0000,PUT,0.7405,425.5874
2025-01-07T11:00:00Z,60000.0000,CALL,0.7205,207.8718
2025-01-07T11:00:00Z,60000.0000,PUT,0.7205,466.2931
2025-01-07T11:00:00Z,61000.0000,CALL,0.7179,210.9539
2025-01-07T11:00:00Z,61000.0000,PUT,0.7179,408.6202
2025-01-07T11:00:00Z,62000.0000,CALL,0.7379,247.6298
2025-01-07T11:00:00Z,62000.0000,PUT,0.7379,499.4579
2025-01-07T11:00:00Z,63000.0000,CALL,0.7579,203.6086
2025-01-07T11:00:00Z,63000.0000,PUT,0.7579,344.0895
2025-01-07T12:00:00Z,59000.0000,CALL,0.7012,233.9499
2025-01-07T12:00:00Z,59000.0000,PUT,0.7012,444.5215
2025-01-07T12:00:00Z,60000.0000,CALL,0.6812,241.7426
2025-01-07T12:00:00Z,60000.0000,PUT,0.6812,418.5295
2025-01-07T12:00:00Z,61000.0000,CALL,0.6775,233.5054
2025-01-07T12:00:00Z,61000.0000,PUT,0.6775,417.1133
2025-01-07T12:00:00Z,62000.0000,CALL,0.6975,218.1243
2025-01-07T12:00:00Z,62000.0000,PUT,0.6975,365.4321
2025-01-07T12:00:00Z,63000.0000,CALL,0.7175,205.3679
2025-01-07T12:00:00Z,63000.0000,PUT,0.7175,492.5421
2025-01-07T13:00:00Z,58000.0000,CALL,0.6626,234.7528
2025-01-07T13:00:00Z,58000.0000,PUT,0.6626,329.5134
2025-01-07T13:00:00Z,59000.0000,CALL,0.6426,210.4110
2025-01-07T13:00:00Z,59000.0000,PUT,0.6426,422.2950
2025-01-07T13:00:00Z,60000.0000,CALL,0.6226,289.3148
2025-01-07T13:00:00Z,60000.0000,PUT,0.6226,369.0824
2025-01-07T13:00:00Z,61000.0000,CALL,0.6261,270.6338
2025-01-07T13:00:00Z,61000.0000,PUT,0.6261,353.2580
2025-01-07T13:00:00Z,62000.0000,CALL,0.6461,212.1199
2025-01-07T13:00:00Z,62000.0000,PUT,0.6461,431.8669
2025-01-07T14:00:00Z,58000.0000,CALL,0.6290,276.6400
2025-01-07T14:00:00Z,58000.0000,PUT,0.6290,330.8754
2025-01-07T14:00:00Z,59000.0000,CALL,0.6090,222.5350
2025-01-07T14:00:00Z,59000.0000,PUT,0.6090,387.0367
2025-01-07T14:00:00Z,60000.0000,CALL,0.5890,228.1771
2025-01-07T14:00:00Z,60000.0000,PUT,0.5890,464.3862
2025-01-07T14:00:00Z,61000.0000,CALL,0.5963,281.9010
2025-01-07T14:00:00Z,61000.0000,PUT,0.5963,352.4544
2025-01-07T14:00:00Z,62000.0000,CALL,0.6163,205.4415
2025-01-07T14:00:00Z,62000.0000,PUT,0.6163,363.7106
2025-01-07T15:00:00Z,59000.0000,CALL,0.5681,258.5504
2025-01-07T15:00:00Z,59000.0000,PUT,0.5681,411.4470
2025-01-07T15:00:00Z,60000.0000,CALL,0.5481,255.7758
2025-01-07T15:00:00Z,60000.0000,PUT,0.5481,444.3286
2025-01-07T15:00:00Z,61000.0000,CALL,0.5440,260.4873
2025-01-07T15:00:00Z,61000.0000,PUT,0.5440,392.0225
2025-01-07T15:00:00Z,62000.0000,CALL,0.5640,234.5772
2025-01-07T15:00:00Z,62000.0000,PUT,0.5640,364.7762
2025-01-07T15:00:00Z,63000.0000,CALL,0.5840,276.2217
2025-01-07T15:00:00Z,63000.0000,PUT,0.5840,326.8507
